,away,home,date
0,Colorado Rockies,Arizona D'Backs,2018-03-29
1,Philadelphia Phillies,Atlanta Braves,2018-03-29
2,Minnesota Twins,Baltimore Orioles,2018-03-29
3,Chicago White Sox,Kansas City Royals,2018-03-29
4,San Francisco Giants,Los Angeles Dodgers,2018-03-29
5,Chicago Cubs,Miami Marlins,2018-03-29
6,St. Louis Cardinals,New York Mets,2018-03-29
7,Los Angeles Angels,Oakland Athletics,2018-03-29
8,Milwaukee Brewers,San Diego Padres,2018-03-29
9,Cleveland Indians,Seattle Mariners,2018-03-29
10,Boston Red Sox,Tampa Bay Rays,2018-03-29
11,Houston Astros,Texas Rangers,2018-03-29
12,New York Yankees,Toronto Blue Jays,2018-03-29
0,Colorado Rockies,Arizona D'Backs,2018-03-30
1,Philadelphia Phillies,Atlanta Braves,2018-03-30
2,Washington Nationals,Cincinnati Reds,2018-03-30
3,Pittsburgh Pirates,Detroit Tigers,2018-03-30
4,San Francisco Giants,Los Angeles Dodgers,2018-03-30
5,Chicago Cubs,Miami Marlins,2018-03-30
6,Los Angeles Angels,Oakland Athletics,2018-03-30
7,Milwaukee Brewers,San Diego Padres,2018-03-30
8,Boston Red Sox,Tampa Bay Rays,2018-03-30
9,Houston Astros,Texas Rangers,2018-03-30
10,New York Yankees,Toronto Blue Jays,2018-03-30
0,Colorado Rockies,Arizona D'Backs,2018-03-31
1,Philadelphia Phillies,Atlanta Braves,2018-03-31
2,Minnesota Twins,Baltimore Orioles,2018-03-31
3,Washington Nationals,Cincinnati Reds,2018-03-31
4,Chicago White Sox,Kansas City Royals,2018-03-31
5,San Francisco Giants,Los Angeles Dodgers,2018-03-31
6,Chicago Cubs,Miami Marlins,2018-03-31
7,St. Louis Cardinals,New York Mets,2018-03-31
8,Los Angeles Angels,Oakland Athletics,2018-03-31
9,Milwaukee Brewers,San Diego Padres,2018-03-31
10,Cleveland Indians,Seattle Mariners,2018-03-31
11,Boston Red Sox,Tampa Bay Rays,2018-03-31
12,Houston Astros,Texas Rangers,2018-03-31
13,New York Yankees,Toronto Blue Jays,2018-03-31
0,Minnesota Twins,Baltimore Orioles,2018-04-01
1,Washington Nationals,Cincinnati Reds,2018-04-01
2,Pittsburgh Pirates,Detroit Tigers,2018-04-01
3,Pittsburgh Pirates,Detroit Tigers,2018-04-01
4,San Francisco Giants,Los Angeles Dodgers,2018-04-01
5,Chicago Cubs,Miami Marlins,2018-04-01
6,St. Louis Cardinals,New York Mets,2018-04-01
7,Los Angeles Angels,Oakland Athletics,2018-04-01
8,Cleveland Indians,Seattle Mariners,2018-04-01
9,Boston Red Sox,Tampa Bay Rays,2018-04-01
10,Houston Astros,Texas Rangers,2018-04-01
11,New York Yankees,Toronto Blue Jays,2018-04-01
0,Cleveland Indians,Los Angeles Angels,2018-04-02
1,Los Angeles Dodgers,Arizona D'Backs,2018-04-02
2,Washington Nationals,Atlanta Braves,2018-04-02
3,Chicago Cubs,Cincinnati Reds,2018-04-02
4,Kansas City Royals,Detroit Tigers,2018-04-02
5,Baltimore Orioles,Houston Astros,2018-04-02
6,Boston Red Sox,Miami Marlins,2018-04-02
7,St. Louis Cardinals,Milwaukee Brewers,2018-04-02
8,Texas Rangers,Oakland Athletics,2018-04-02
9,Minnesota Twins,Pittsburgh Pirates,2018-04-02
10,Colorado Rockies,San Diego Padres,2018-04-02
11,Chicago White Sox,Toronto Blue Jays,2018-04-02
0,Cleveland Indians,Los Angeles Angels,2018-04-03
1,Los Angeles Dodgers,Arizona D'Backs,2018-04-03
2,Washington Nationals,Atlanta Braves,2018-04-03
3,Kansas City Royals,Detroit Tigers,2018-04-03
4,Baltimore Orioles,Houston Astros,2018-04-03
5,Boston Red Sox,Miami Marlins,2018-04-03
6,St. Louis Cardinals,Milwaukee Brewers,2018-04-03
7,Tampa Bay Rays,New York Yankees,2018-04-03
8,Philadelphia Phillies,New York Mets,2018-04-03
9,Texas Rangers,Oakland Athletics,2018-04-03
10,Colorado Rockies,San Diego Padres,2018-04-03
11,Seattle Mariners,San Francisco Giants,2018-04-03
12,Chicago White Sox,Toronto Blue Jays,2018-04-03
0,Cleveland Indians,Los Angeles Angels,2018-04-04
1,Los Angeles Dodgers,Arizona D'Backs,2018-04-04
2,Washington Nationals,Atlanta Braves,2018-04-04
3,Baltimore Orioles,Houston Astros,2018-04-04
4,St. Louis Cardinals,Milwaukee Brewers,2018-04-04
5,Tampa Bay Rays,New York Yankees,2018-04-04
6,Philadelphia Phillies,New York Mets,2018-04-04
7,Texas Rangers,Oakland Athletics,2018-04-04
8,Minnesota Twins,Pittsburgh Pirates,2018-04-04
9,Colorado Rockies,San Diego Padres,2018-04-04
10,Seattle Mariners,San Francisco Giants,2018-04-04
11,Chicago White Sox,Toronto Blue Jays,2018-04-04
0,Tampa Bay Rays,Boston Red Sox,2018-04-05
1,Detroit Tigers,Chicago White Sox,2018-04-05
2,Chicago Cubs,Milwaukee Brewers,2018-04-05
3,Seattle Mariners,Minnesota Twins,2018-04-05
4,Baltimore Orioles,New York Yankees,2018-04-05
5,Texas Rangers,Oakland Athletics,2018-04-05
6,Miami Marlins,Philadelphia Phillies,2018-04-05
7,Cincinnati Reds,Pittsburgh Pirates,2018-04-05
8,Colorado Rockies,San Diego Padres,2018-04-05
9,Arizona D'Backs,St. Louis Cardinals,2018-04-05
10,New York Mets,Washington Nationals,2018-04-05
0,Oakland Athletics,Los Angeles Angels,2018-04-06
1,Kansas City Royals,Cleveland Indians,2018-04-06
2,Atlanta Braves,Colorado Rockies,2018-04-06
3,San Diego Padres,Houston Astros,2018-04-06
4,Chicago Cubs,Milwaukee Brewers,2018-04-06
5,Baltimore Orioles,New York Yankees,2018-04-06
6,Cincinnati Reds,Pittsburgh Pirates,2018-04-06
7,Toronto Blue Jays,Texas Rangers,2018-04-06
0,Oakland Athletics,Los Angeles Angels,2018-04-07
1,Tampa Bay Rays,Boston Red Sox,2018-04-07
2,Detroit Tigers,Chicago White Sox,2018-04-07
3,Kansas City Royals,Cleveland Indians,2018-04-07
4,Atlanta Braves,Colorado Rockies,2018-04-07
5,San Diego Padres,Houston Astros,2018-04-07
6,Chicago Cubs,Milwaukee Brewers,2018-04-07
7,Seattle Mariners,Minnesota Twins,2018-04-07
8,Baltimore Orioles,New York Yankees,2018-04-07
9,Miami Marlins,Philadelphia Phillies,2018-04-07
10,Cincinnati Reds,Pittsburgh Pirates,2018-04-07
11,Los Angeles Dodgers,San Francisco Giants,2018-04-07
12,Arizona D'Backs,St. Louis Cardinals,2018-04-07
13,Toronto Blue Jays,Texas Rangers,2018-04-07
14,New York Mets,Washington Nationals,2018-04-07
0,Oakland Athletics,Los Angeles Angels,2018-04-08
1,Tampa Bay Rays,Boston Red Sox,2018-04-08
2,Detroit Tigers,Chicago White Sox,2018-04-08
3,Kansas City Royals,Cleveland Indians,2018-04-08
4,Atlanta Braves,Colorado Rockies,2018-04-08
5,San Diego Padres,Houston Astros,2018-04-08
6,Chicago Cubs,Milwaukee Brewers,2018-04-08
7,Baltimore Orioles,New York Yankees,2018-04-08
8,Miami Marlins,Philadelphia Phillies,2018-04-08
9,Cincinnati Reds,Pittsburgh Pirates,2018-04-08
10,Los Angeles Dodgers,San Francisco Giants,2018-04-08
11,Arizona D'Backs,St. Louis Cardinals,2018-04-08
12,Toronto Blue Jays,Texas Rangers,2018-04-08
13,New York Mets,Washington Nationals,2018-04-08
0,Toronto Blue Jays,Baltimore Orioles,2018-04-09
1,Tampa Bay Rays,Chicago White Sox,2018-04-09
2,Detroit Tigers,Cleveland Indians,2018-04-09
3,San Diego Padres,Colorado Rockies,2018-04-09
4,Seattle Mariners,Kansas City Royals,2018-04-09
5,New York Mets,Miami Marlins,2018-04-09
6,Houston Astros,Minnesota Twins,2018-04-09
7,Cincinnati Reds,Philadelphia Phillies,2018-04-09
8,Arizona D'Backs,San Francisco Giants,2018-04-09
9,Milwaukee Brewers,St. Louis Cardinals,2018-04-09
10,Los Angeles Angels,Texas Rangers,2018-04-09
11,Atlanta Braves,Washington Nationals,2018-04-09
0,Toronto Blue Jays,Baltimore Orioles,2018-04-10
1,New York Yankees,Boston Red Sox,2018-04-10
2,Tampa Bay Rays,Chicago White Sox,2018-04-10
3,Pittsburgh Pirates,Chicago Cubs,2018-04-10
4,Detroit Tigers,Cleveland Indians,2018-04-10
5,San Diego Padres,Colorado Rockies,2018-04-10
6,Seattle Mariners,Kansas City Royals,2018-04-10
7,Oakland Athletics,Los Angeles Dodgers,2018-04-10
8,New York Mets,Miami Marlins,2018-04-10
9,Houston Astros,Minnesota Twins,2018-04-10
10,Cincinnati Reds,Philadelphia Phillies,2018-04-10
11,Arizona D'Backs,San Francisco Giants,2018-04-10
12,Milwaukee Brewers,St. Louis Cardinals,2018-04-10
13,Los Angeles Angels,Texas Rangers,2018-04-10
14,Atlanta Braves,Washington Nationals,2018-04-10
0,Toronto Blue Jays,Baltimore Orioles,2018-04-11
1,New York Yankees,Boston Red Sox,2018-04-11
2,Tampa Bay Rays,Chicago White Sox,2018-04-11
3,Pittsburgh Pirates,Chicago Cubs,2018-04-11
4,Detroit Tigers,Cleveland Indians,2018-04-11
5,San Diego Padres,Colorado Rockies,2018-04-11
6,Seattle Mariners,Kansas City Royals,2018-04-11
7,Oakland Athletics,Los Angeles Dodgers,2018-04-11
8,New York Mets,Miami Marlins,2018-04-11
9,Houston Astros,Minnesota Twins,2018-04-11
10,Cincinnati Reds,Philadelphia Phillies,2018-04-11
11,Arizona D'Backs,San Francisco Giants,2018-04-11
12,Milwaukee Brewers,St. Louis Cardinals,2018-04-11
13,Los Angeles Angels,Texas Rangers,2018-04-11
14,Atlanta Braves,Washington Nationals,2018-04-11
0,New York Yankees,Boston Red Sox,2018-04-12
1,Pittsburgh Pirates,Chicago Cubs,2018-04-12
2,St. Louis Cardinals,Cincinnati Reds,2018-04-12
3,Detroit Tigers,Cleveland Indians,2018-04-12
4,Los Angeles Angels,Kansas City Royals,2018-04-12
5,Chicago White Sox,Minnesota Twins,2018-04-12
6,San Francisco Giants,San Diego Padres,2018-04-12
7,Colorado Rockies,Washington Nationals,2018-04-12
0,Baltimore Orioles,Boston Red Sox,2018-04-13
1,Atlanta Braves,Chicago Cubs,2018-04-13
2,St. Louis Cardinals,Cincinnati Reds,2018-04-13
3,Toronto Blue Jays,Cleveland Indians,2018-04-13
4,New York Yankees,Detroit Tigers,2018-04-13
5,Texas Rangers,Houston Astros,2018-04-13
6,Los Angeles Angels,Kansas City Royals,2018-04-13
7,Arizona D'Backs,Los Angeles Dodgers,2018-04-13
8,Pittsburgh Pirates,Miami Marlins,2018-04-13
9,Milwaukee Brewers,New York Mets,2018-04-13
10,San Francisco Giants,San Diego Padres,2018-04-13
11,Oakland Athletics,Seattle Mariners,2018-04-13
12,Philadelphia Phillies,Tampa Bay Rays,2018-04-13
13,Colorado Rockies,Washington Nationals,2018-04-13
0,Baltimore Orioles,Boston Red Sox,2018-04-14
1,Atlanta Braves,Chicago Cubs,2018-04-14
2,St. Louis Cardinals,Cincinnati Reds,2018-04-14
3,Texas Rangers,Houston Astros,2018-04-14
4,Los Angeles Angels,Kansas City Royals,2018-04-14
5,Arizona D'Backs,Los Angeles Dodgers,2018-04-14
6,Pittsburgh Pirates,Miami Marlins,2018-04-14
7,Milwaukee Brewers,New York Mets,2018-04-14
8,San Francisco Giants,San Diego Padres,2018-04-14
9,Oakland Athletics,Seattle Mariners,2018-04-14
10,Philadelphia Phillies,Tampa Bay Rays,2018-04-14
11,Colorado Rockies,Washington Nationals,2018-04-14
0,Baltimore Orioles,Boston Red Sox,2018-04-15
1,St. Louis Cardinals,Cincinnati Reds,2018-04-15
2,Texas Rangers,Houston Astros,2018-04-15
3,Arizona D'Backs,Los Angeles Dodgers,2018-04-15
4,Pittsburgh Pirates,Miami Marlins,2018-04-15
5,Milwaukee Brewers,New York Mets,2018-04-15
6,San Francisco Giants,San Diego Padres,2018-04-15
7,Oakland Athletics,Seattle Mariners,2018-04-15
8,Philadelphia Phillies,Tampa Bay Rays,2018-04-15
9,Colorado Rockies,Washington Nationals,2018-04-15
0,Philadelphia Phillies,Atlanta Braves,2018-04-16
1,Cincinnati Reds,Milwaukee Brewers,2018-04-16
2,Miami Marlins,New York Yankees,2018-04-16
3,Washington Nationals,New York Mets,2018-04-16
4,Chicago White Sox,Oakland Athletics,2018-04-16
5,Colorado Rockies,Pittsburgh Pirates,2018-04-16
6,Los Angeles Dodgers,San Diego Padres,2018-04-16
7,Houston Astros,Seattle Mariners,2018-04-16
8,Texas Rangers,Tampa Bay Rays,2018-04-16
0,Boston Red Sox,Los Angeles Angels,2018-04-17
1,San Francisco Giants,Arizona D'Backs,2018-04-17
2,Philadelphia Phillies,Atlanta Braves,2018-04-17
3,St. Louis Cardinals,Chicago Cubs,2018-04-17
4,Baltimore Orioles,Detroit Tigers,2018-04-17
5,Cincinnati Reds,Milwaukee Brewers,2018-04-17
6,Cleveland Indians,Minnesota Twins,2018-04-17
7,Miami Marlins,New York Yankees,2018-04-17
8,Washington Nationals,New York Mets,2018-04-17
9,Chicago White Sox,Oakland Athletics,2018-04-17
10,Colorado Rockies,Pittsburgh Pirates,2018-04-17
11,Los Angeles Dodgers,San Diego Padres,2018-04-17
12,Houston Astros,Seattle Mariners,2018-04-17
13,Texas Rangers,Tampa Bay Rays,2018-04-17
14,Kansas City Royals,Toronto Blue Jays,2018-04-17
15,Kansas City Royals,Toronto Blue Jays,2018-04-17
0,Boston Red Sox,Los Angeles Angels,2018-04-18
1,San Francisco Giants,Arizona D'Backs,2018-04-18
2,Philadelphia Phillies,Atlanta Braves,2018-04-18
3,Baltimore Orioles,Detroit Tigers,2018-04-18
4,Cincinnati Reds,Milwaukee Brewers,2018-04-18
5,Cleveland Indians,Minnesota Twins,2018-04-18
6,Washington Nationals,New York Mets,2018-04-18
7,Chicago White Sox,Oakland Athletics,2018-04-18
8,Colorado Rockies,Pittsburgh Pirates,2018-04-18
9,Los Angeles Dodgers,San Diego Padres,2018-04-18
10,Houston Astros,Seattle Mariners,2018-04-18
11,Texas Rangers,Tampa Bay Rays,2018-04-18
12,Kansas City Royals,Toronto Blue Jays,2018-04-18
0,Boston Red Sox,Los Angeles Angels,2018-04-19
1,San Francisco Giants,Arizona D'Backs,2018-04-19
2,New York Mets,Atlanta Braves,2018-04-19
3,St. Louis Cardinals,Chicago Cubs,2018-04-19
4,Baltimore Orioles,Detroit Tigers,2018-04-19
5,Miami Marlins,Milwaukee Brewers,2018-04-19
6,Toronto Blue Jays,New York Yankees,2018-04-19
7,Pittsburgh Pirates,Philadelphia Phillies,2018-04-19
8,Houston Astros,Seattle Mariners,2018-04-19
0,San Francisco Giants,Los Angeles Angels,2018-04-20
1,San Diego Padres,Arizona D'Backs,2018-04-20
2,New York Mets,Atlanta Braves,2018-04-20
3,Cleveland Indians,Baltimore Orioles,2018-04-20
4,Houston Astros,Chicago White Sox,2018-04-20
5,Chicago Cubs,Colorado Rockies,2018-04-20
6,Kansas City Royals,Detroit Tigers,2018-04-20
7,Kansas City Royals,Detroit Tigers,2018-04-20
8,Washington Nationals,Los Angeles Dodgers,2018-04-20
9,Miami Marlins,Milwaukee Brewers,2018-04-20
10,Toronto Blue Jays,New York Yankees,2018-04-20
11,Boston Red Sox,Oakland Athletics,2018-04-20
12,Pittsburgh Pirates,Philadelphia Phillies,2018-04-20
13,Cincinnati Reds,St. Louis Cardinals,2018-04-20
14,Minnesota Twins,Tampa Bay Rays,2018-04-20
15,Seattle Mariners,Texas Rangers,2018-04-20
0,San Francisco Giants,Los Angeles Angels,2018-04-21
1,San Diego Padres,Arizona D'Backs,2018-04-21
2,New York Mets,Atlanta Braves,2018-04-21
3,Cleveland Indians,Baltimore Orioles,2018-04-21
4,Houston Astros,Chicago White Sox,2018-04-21
5,Chicago Cubs,Colorado Rockies,2018-04-21
6,Kansas City Royals,Detroit Tigers,2018-04-21
7,Washington Nationals,Los Angeles Dodgers,2018-04-21
8,Miami Marlins,Milwaukee Brewers,2018-04-21
9,Toronto Blue Jays,New York Yankees,2018-04-21
10,Boston Red Sox,Oakland Athletics,2018-04-21
11,Pittsburgh Pirates,Philadelphia Phillies,2018-04-21
12,Cincinnati Reds,St. Louis Cardinals,2018-04-21
13,Minnesota Twins,Tampa Bay Rays,2018-04-21
14,Seattle Mariners,Texas Rangers,2018-04-21
0,San Francisco Giants,Los Angeles Angels,2018-04-22
1,San Diego Padres,Arizona D'Backs,2018-04-22
2,Cleveland Indians,Baltimore Orioles,2018-04-22
3,Houston Astros,Chicago White Sox,2018-04-22
4,Chicago Cubs,Colorado Rockies,2018-04-22
5,Kansas City Royals,Detroit Tigers,2018-04-22
6,Washington Nationals,Los Angeles Dodgers,2018-04-22
7,Miami Marlins,Milwaukee Brewers,2018-04-22
8,Toronto Blue Jays,New York Yankees,2018-04-22
9,Boston Red Sox,Oakland Athletics,2018-04-22
10,Pittsburgh Pirates,Philadelphia Phillies,2018-04-22
11,Cincinnati Reds,St. Louis Cardinals,2018-04-22
12,Minnesota Twins,Tampa Bay Rays,2018-04-22
13,Seattle Mariners,Texas Rangers,2018-04-22
0,Cleveland Indians,Baltimore Orioles,2018-04-23
1,Seattle Mariners,Chicago White Sox,2018-04-23
2,Atlanta Braves,Cincinnati Reds,2018-04-23
3,San Diego Padres,Colorado Rockies,2018-04-23
4,Los Angeles Angels,Houston Astros,2018-04-23
5,Miami Marlins,Los Angeles Dodgers,2018-04-23
6,Minnesota Twins,New York Yankees,2018-04-23
7,Washington Nationals,San Francisco Giants,2018-04-23
8,Oakland Athletics,Texas Rangers,2018-04-23
0,Seattle Mariners,Chicago White Sox,2018-04-24
1,Atlanta Braves,Cincinnati Reds,2018-04-24
2,Chicago Cubs,Cleveland Indians,2018-04-24
3,San Diego Padres,Colorado Rockies,2018-04-24
4,Los Angeles Angels,Houston Astros,2018-04-24
5,Milwaukee Brewers,Kansas City Royals,2018-04-24
6,Miami Marlins,Los Angeles Dodgers,2018-04-24
7,Minnesota Twins,New York Yankees,2018-04-24
8,Arizona D'Backs,Philadelphia Phillies,2018-04-24
9,Washington Nationals,San Francisco Giants,2018-04-24
10,New York Mets,St. Louis Cardinals,2018-04-24
11,Oakland Athletics,Texas Rangers,2018-04-24
12,Boston Red Sox,Toronto Blue Jays,2018-04-24
0,Tampa Bay Rays,Baltimore Orioles,2018-04-25
1,Seattle Mariners,Chicago White Sox,2018-04-25
2,Atlanta Braves,Cincinnati Reds,2018-04-25
3,Chicago Cubs,Cleveland Indians,2018-04-25
4,San Diego Padres,Colorado Rockies,2018-04-25
5,Los Angeles Angels,Houston Astros,2018-04-25
6,Milwaukee Brewers,Kansas City Royals,2018-04-25
7,Miami Marlins,Los Angeles Dodgers,2018-04-25
8,Minnesota Twins,New York Yankees,2018-04-25
9,Arizona D'Backs,Philadelphia Phillies,2018-04-25
10,Detroit Tigers,Pittsburgh Pirates,2018-04-25
11,Detroit Tigers,Pittsburgh Pirates,2018-04-25
12,Washington Nationals,San Francisco Giants,2018-04-25
13,New York Mets,St. Louis Cardinals,2018-04-25
14,Oakland Athletics,Texas Rangers,2018-04-25
15,Boston Red Sox,Toronto Blue Jays,2018-04-25
0,Tampa Bay Rays,Baltimore Orioles,2018-04-26
1,Milwaukee Brewers,Chicago Cubs,2018-04-26
2,Atlanta Braves,Cincinnati Reds,2018-04-26
3,Seattle Mariners,Cleveland Indians,2018-04-26
4,Chicago White Sox,Kansas City Royals,2018-04-26
5,Minnesota Twins,New York Yankees,2018-04-26
6,Arizona D'Backs,Philadelphia Phillies,2018-04-26
7,Detroit Tigers,Pittsburgh Pirates,2018-04-26
8,New York Mets,St. Louis Cardinals,2018-04-26
9,Boston Red Sox,Toronto Blue Jays,2018-04-26
0,New York Yankees,Los Angeles Angels,2018-04-27
1,Detroit Tigers,Baltimore Orioles,2018-04-27
2,Tampa Bay Rays,Boston Red Sox,2018-04-27
3,Milwaukee Brewers,Chicago Cubs,2018-04-27
4,Seattle Mariners,Cleveland Indians,2018-04-27
5,Oakland Athletics,Houston Astros,2018-04-27
6,Chicago White Sox,Kansas City Royals,2018-04-27
7,Colorado Rockies,Miami Marlins,2018-04-27
8,Cincinnati Reds,Minnesota Twins,2018-04-27
9,Atlanta Braves,Philadelphia Phillies,2018-04-27
10,St. Louis Cardinals,Pittsburgh Pirates,2018-04-27
11,New York Mets,San Diego Padres,2018-04-27
12,Los Angeles Dodgers,San Francisco Giants,2018-04-27
13,Texas Rangers,Toronto Blue Jays,2018-04-27
14,Arizona D'Backs,Washington Nationals,2018-04-27
0,New York Yankees,Los Angeles Angels,2018-04-28
1,Detroit Tigers,Baltimore Orioles,2018-04-28
2,Tampa Bay Rays,Boston Red Sox,2018-04-28
3,Milwaukee Brewers,Chicago Cubs,2018-04-28
4,Seattle Mariners,Cleveland Indians,2018-04-28
5,Oakland Athletics,Houston Astros,2018-04-28
6,Chicago White Sox,Kansas City Royals,2018-04-28
7,Chicago White Sox,Kansas City Royals,2018-04-28
8,Colorado Rockies,Miami Marlins,2018-04-28
9,Cincinnati Reds,Minnesota Twins,2018-04-28
10,Atlanta Braves,Philadelphia Phillies,2018-04-28
11,St. Louis Cardinals,Pittsburgh Pirates,2018-04-28
12,New York Mets,San Diego Padres,2018-04-28
13,Los Angeles Dodgers,San Francisco Giants,2018-04-28
14,Los Angeles Dodgers,San Francisco Giants,2018-04-28
15,Texas Rangers,Toronto Blue Jays,2018-04-28
16,Arizona D'Backs,Washington Nationals,2018-04-28
0,New York Yankees,Los Angeles Angels,2018-04-29
1,Detroit Tigers,Baltimore Orioles,2018-04-29
2,Tampa Bay Rays,Boston Red Sox,2018-04-29
3,Milwaukee Brewers,Chicago Cubs,2018-04-29
4,Seattle Mariners,Cleveland Indians,2018-04-29
5,Oakland Athletics,Houston Astros,2018-04-29
6,Chicago White Sox,Kansas City Royals,2018-04-29
7,Colorado Rockies,Miami Marlins,2018-04-29
8,Cincinnati Reds,Minnesota Twins,2018-04-29
9,Atlanta Braves,Philadelphia Phillies,2018-04-29
10,St. Louis Cardinals,Pittsburgh Pirates,2018-04-29
11,New York Mets,San Diego Padres,2018-04-29
12,Los Angeles Dodgers,San Francisco Giants,2018-04-29
13,Texas Rangers,Toronto Blue Jays,2018-04-29
14,Arizona D'Backs,Washington Nationals,2018-04-29
0,Los Angeles Dodgers,Arizona D'Backs,2018-04-30
1,Kansas City Royals,Boston Red Sox,2018-04-30
2,Colorado Rockies,Chicago Cubs,2018-04-30
3,Milwaukee Brewers,Cincinnati Reds,2018-04-30
4,Texas Rangers,Cleveland Indians,2018-04-30
5,Tampa Bay Rays,Detroit Tigers,2018-04-30
6,New York Yankees,Houston Astros,2018-04-30
7,Philadelphia Phillies,Miami Marlins,2018-04-30
8,Toronto Blue Jays,Minnesota Twins,2018-04-30
9,San Diego Padres,San Francisco Giants,2018-04-30
10,Pittsburgh Pirates,Washington Nationals,2018-04-30
0,Baltimore Orioles,Los Angeles Angels,2018-05-01
1,Los Angeles Dodgers,Arizona D'Backs,2018-05-01
2,Kansas City Royals,Boston Red Sox,2018-05-01
3,Colorado Rockies,Chicago Cubs,2018-05-01
4,Milwaukee Brewers,Cincinnati Reds,2018-05-01
5,Texas Rangers,Cleveland Indians,2018-05-01
6,Tampa Bay Rays,Detroit Tigers,2018-05-01
7,New York Yankees,Houston Astros,2018-05-01
8,Philadelphia Phillies,Miami Marlins,2018-05-01
9,Toronto Blue Jays,Minnesota Twins,2018-05-01
10,Atlanta Braves,New York Mets,2018-05-01
11,Oakland Athletics,Seattle Mariners,2018-05-01
12,San Diego Padres,San Francisco Giants,2018-05-01
13,Chicago White Sox,St. Louis Cardinals,2018-05-01
14,Pittsburgh Pirates,Washington Nationals,2018-05-01
0,Baltimore Orioles,Los Angeles Angels,2018-05-02
1,Los Angeles Dodgers,Arizona D'Backs,2018-05-02
2,Kansas City Royals,Boston Red Sox,2018-05-02
3,Colorado Rockies,Chicago Cubs,2018-05-02
4,Milwaukee Brewers,Cincinnati Reds,2018-05-02
5,Texas Rangers,Cleveland Indians,2018-05-02
6,Tampa Bay Rays,Detroit Tigers,2018-05-02
7,New York Yankees,Houston Astros,2018-05-02
8,Philadelphia Phillies,Miami Marlins,2018-05-02
9,Toronto Blue Jays,Minnesota Twins,2018-05-02
10,Atlanta Braves,New York Mets,2018-05-02
11,Oakland Athletics,Seattle Mariners,2018-05-02
12,San Diego Padres,San Francisco Giants,2018-05-02
13,Chicago White Sox,St. Louis Cardinals,2018-05-02
14,Pittsburgh Pirates,Washington Nationals,2018-05-02
0,Baltimore Orioles,Los Angeles Angels,2018-05-03
1,Los Angeles Dodgers,Arizona D'Backs,2018-05-03
2,Minnesota Twins,Chicago White Sox,2018-05-03
3,Toronto Blue Jays,Cleveland Indians,2018-05-03
4,Toronto Blue Jays,Cleveland Indians,2018-05-03
5,New York Yankees,Houston Astros,2018-05-03
6,Detroit Tigers,Kansas City Royals,2018-05-03
7,Atlanta Braves,New York Mets,2018-05-03
8,Oakland Athletics,Seattle Mariners,2018-05-03
9,Boston Red Sox,Texas Rangers,2018-05-03
10,Pittsburgh Pirates,Washington Nationals,2018-05-03
0,Houston Astros,Arizona D'Backs,2018-05-04
1,San Francisco Giants,Atlanta Braves,2018-05-04
2,Minnesota Twins,Chicago White Sox,2018-05-04
3,Miami Marlins,Cincinnati Reds,2018-05-04
4,Detroit Tigers,Kansas City Royals,2018-05-04
5,Pittsburgh Pirates,Milwaukee Brewers,2018-05-04
6,Cleveland Indians,New York Yankees,2018-05-04
7,Colorado Rockies,New York Mets,2018-05-04
8,Baltimore Orioles,Oakland Athletics,2018-05-04
9,Los Angeles Dodgers,San Diego Padres,2018-05-04
10,Los Angeles Angels,Seattle Mariners,2018-05-04
11,Chicago Cubs,St. Louis Cardinals,2018-05-04
12,Toronto Blue Jays,Tampa Bay Rays,2018-05-04
13,Boston Red Sox,Texas Rangers,2018-05-04
14,Philadelphia Phillies,Washington Nationals,2018-05-04
0,Houston Astros,Arizona D'Backs,2018-05-05
1,San Francisco Giants,Atlanta Braves,2018-05-05
2,Minnesota Twins,Chicago White Sox,2018-05-05
3,Miami Marlins,Cincinnati Reds,2018-05-05
4,Detroit Tigers,Kansas City Royals,2018-05-05
5,Pittsburgh Pirates,Milwaukee Brewers,2018-05-05
6,Cleveland Indians,New York Yankees,2018-05-05
7,Colorado Rockies,New York Mets,2018-05-05
8,Baltimore Orioles,Oakland Athletics,2018-05-05
9,Los Angeles Dodgers,San Diego Padres,2018-05-05
10,Los Angeles Angels,Seattle Mariners,2018-05-05
11,Chicago Cubs,St. Louis Cardinals,2018-05-05
12,Toronto Blue Jays,Tampa Bay Rays,2018-05-05
13,Boston Red Sox,Texas Rangers,2018-05-05
14,Philadelphia Phillies,Washington Nationals,2018-05-05
0,Houston Astros,Arizona D'Backs,2018-05-06
1,San Francisco Giants,Atlanta Braves,2018-05-06
2,Minnesota Twins,Chicago White Sox,2018-05-06
3,Miami Marlins,Cincinnati Reds,2018-05-06
4,Detroit Tigers,Kansas City Royals,2018-05-06
5,Pittsburgh Pirates,Milwaukee Brewers,2018-05-06
6,Cleveland Indians,New York Yankees,2018-05-06
7,Colorado Rockies,New York Mets,2018-05-06
8,Baltimore Orioles,Oakland Athletics,2018-05-06
9,Los Angeles Dodgers,San Diego Padres,2018-05-06
10,Los Angeles Angels,Seattle Mariners,2018-05-06
11,Chicago Cubs,St. Louis Cardinals,2018-05-06
12,Toronto Blue Jays,Tampa Bay Rays,2018-05-06
13,Boston Red Sox,Texas Rangers,2018-05-06
14,Philadelphia Phillies,Washington Nationals,2018-05-06
0,Miami Marlins,Chicago Cubs,2018-05-07
1,New York Mets,Cincinnati Reds,2018-05-07
2,Houston Astros,Oakland Athletics,2018-05-07
3,San Francisco Giants,Philadelphia Phillies,2018-05-07
4,Washington Nationals,San Diego Padres,2018-05-07
5,Minnesota Twins,St. Louis Cardinals,2018-05-07
6,Detroit Tigers,Texas Rangers,2018-05-07
0,Kansas City Royals,Baltimore Orioles,2018-05-08
1,Pittsburgh Pirates,Chicago White Sox,2018-05-08
2,Miami Marlins,Chicago Cubs,2018-05-08
3,New York Mets,Cincinnati Reds,2018-05-08
4,Los Angeles Angels,Colorado Rockies,2018-05-08
5,Arizona D'Backs,Los Angeles Dodgers,2018-05-08
6,Cleveland Indians,Milwaukee Brewers,2018-05-08
7,Boston Red Sox,New York Yankees,2018-05-08
8,Houston Astros,Oakland Athletics,2018-05-08
9,San Francisco Giants,Philadelphia Phillies,2018-05-08
10,Washington Nationals,San Diego Padres,2018-05-08
11,Minnesota Twins,St. Louis Cardinals,2018-05-08
12,Atlanta Braves,Tampa Bay Rays,2018-05-08
13,Detroit Tigers,Texas Rangers,2018-05-08
14,Seattle Mariners,Toronto Blue Jays,2018-05-08
0,Kansas City Royals,Baltimore Orioles,2018-05-09
1,Pittsburgh Pirates,Chicago White Sox,2018-05-09
2,Miami Marlins,Chicago Cubs,2018-05-09
3,New York Mets,Cincinnati Reds,2018-05-09
4,Los Angeles Angels,Colorado Rockies,2018-05-09
5,Arizona D'Backs,Los Angeles Dodgers,2018-05-09
6,Cleveland Indians,Milwaukee Brewers,2018-05-09
7,Boston Red Sox,New York Yankees,2018-05-09
8,Houston Astros,Oakland Athletics,2018-05-09
9,San Francisco Giants,Philadelphia Phillies,2018-05-09
10,Washington Nationals,San Diego Padres,2018-05-09
11,Atlanta Braves,Tampa Bay Rays,2018-05-09
12,Detroit Tigers,Texas Rangers,2018-05-09
13,Seattle Mariners,Toronto Blue Jays,2018-05-09
0,Minnesota Twins,Los Angeles Angels,2018-05-10
1,Washington Nationals,Arizona D'Backs,2018-05-10
2,Kansas City Royals,Baltimore Orioles,2018-05-10
3,Milwaukee Brewers,Colorado Rockies,2018-05-10
4,Cincinnati Reds,Los Angeles Dodgers,2018-05-10
5,Atlanta Braves,Miami Marlins,2018-05-10
6,Boston Red Sox,New York Yankees,2018-05-10
7,San Francisco Giants,Philadelphia Phillies,2018-05-10
8,St. Louis Cardinals,San Diego Padres,2018-05-10
9,Seattle Mariners,Toronto Blue Jays,2018-05-10
0,Minnesota Twins,Los Angeles Angels,2018-05-11
1,Washington Nationals,Arizona D'Backs,2018-05-11
2,Tampa Bay Rays,Baltimore Orioles,2018-05-11
3,Chicago White Sox,Chicago Cubs,2018-05-11
4,Kansas City Royals,Cleveland Indians,2018-05-11
5,Milwaukee Brewers,Colorado Rockies,2018-05-11
6,Texas Rangers,Houston Astros,2018-05-11
7,Cincinnati Reds,Los Angeles Dodgers,2018-05-11
8,Atlanta Braves,Miami Marlins,2018-05-11
9,Oakland Athletics,New York Yankees,2018-05-11
10,New York Mets,Philadelphia Phillies,2018-05-11
11,San Francisco Giants,Pittsburgh Pirates,2018-05-11
12,St. Louis Cardinals,San Diego Padres,2018-05-11
13,Boston Red Sox,Toronto Blue Jays,2018-05-11
0,Minnesota Twins,Los Angeles Angels,2018-05-12
1,Washington Nationals,Arizona D'Backs,2018-05-12
2,Tampa Bay Rays,Baltimore Orioles,2018-05-12
3,Tampa Bay Rays,Baltimore Orioles,2018-05-12
4,Chicago White Sox,Chicago Cubs,2018-05-12
5,Kansas City Royals,Cleveland Indians,2018-05-12
6,Milwaukee Brewers,Colorado Rockies,2018-05-12
7,Seattle Mariners,Detroit Tigers,2018-05-12
8,Seattle Mariners,Detroit Tigers,2018-05-12
9,Texas Rangers,Houston Astros,2018-05-12
10,Cincinnati Reds,Los Angeles Dodgers,2018-05-12
11,Atlanta Braves,Miami Marlins,2018-05-12
12,Oakland Athletics,New York Yankees,2018-05-12
13,San Francisco Giants,Pittsburgh Pirates,2018-05-12
14,St. Louis Cardinals,San Diego Padres,2018-05-12
15,Boston Red Sox,Toronto Blue Jays,2018-05-12
0,Minnesota Twins,Los Angeles Angels,2018-05-13
1,Washington Nationals,Arizona D'Backs,2018-05-13
2,Tampa Bay Rays,Baltimore Orioles,2018-05-13
3,Chicago White Sox,Chicago Cubs,2018-05-13
4,Kansas City Royals,Cleveland Indians,2018-05-13
5,Milwaukee Brewers,Colorado Rockies,2018-05-13
6,Seattle Mariners,Detroit Tigers,2018-05-13
7,Texas Rangers,Houston Astros,2018-05-13
8,Cincinnati Reds,Los Angeles Dodgers,2018-05-13
9,Atlanta Braves,Miami Marlins,2018-05-13
10,Oakland Athletics,New York Yankees,2018-05-13
11,New York Mets,Philadelphia Phillies,2018-05-13
12,San Francisco Giants,Pittsburgh Pirates,2018-05-13
13,St. Louis Cardinals,San Diego Padres,2018-05-13
14,Boston Red Sox,Toronto Blue Jays,2018-05-13
0,Houston Astros,Los Angeles Angels,2018-05-14
1,Milwaukee Brewers,Arizona D'Backs,2018-05-14
2,Oakland Athletics,Boston Red Sox,2018-05-14
3,Atlanta Braves,Chicago Cubs,2018-05-14
4,Cleveland Indians,Detroit Tigers,2018-05-14
5,Tampa Bay Rays,Kansas City Royals,2018-05-14
6,Seattle Mariners,Minnesota Twins,2018-05-14
7,Colorado Rockies,San Diego Padres,2018-05-14
8,Cincinnati Reds,San Francisco Giants,2018-05-14
0,Houston Astros,Los Angeles Angels,2018-05-15
1,Milwaukee Brewers,Arizona D'Backs,2018-05-15
2,Chicago Cubs,Atlanta Braves,2018-05-15
3,Oakland Athletics,Boston Red Sox,2018-05-15
4,Cleveland Indians,Detroit Tigers,2018-05-15
5,Tampa Bay Rays,Kansas City Royals,2018-05-15
6,Los Angeles Dodgers,Miami Marlins,2018-05-15
7,St. Louis Cardinals,Minnesota Twins,2018-05-15
8,Toronto Blue Jays,New York Mets,2018-05-15
9,Chicago White Sox,Pittsburgh Pirates,2018-05-15
10,Colorado Rockies,San Diego Padres,2018-05-15
11,Texas Rangers,Seattle Mariners,2018-05-15
12,Cincinnati Reds,San Francisco Giants,2018-05-15
13,New York Yankees,Washington Nationals,2018-05-15
0,Houston Astros,Los Angeles Angels,2018-05-16
1,Milwaukee Brewers,Arizona D'Backs,2018-05-16
2,Chicago Cubs,Atlanta Braves,2018-05-16
3,Philadelphia Phillies,Baltimore Orioles,2018-05-16
4,Oakland Athletics,Boston Red Sox,2018-05-16
5,Cleveland Indians,Detroit Tigers,2018-05-16
6,Tampa Bay Rays,Kansas City Royals,2018-05-16
7,Los Angeles Dodgers,Miami Marlins,2018-05-16
8,St. Louis Cardinals,Minnesota Twins,2018-05-16
9,Toronto Blue Jays,New York Mets,2018-05-16
10,Chicago White Sox,Pittsburgh Pirates,2018-05-16
11,Texas Rangers,Seattle Mariners,2018-05-16
12,Cincinnati Reds,San Francisco Giants,2018-05-16
0,Tampa Bay Rays,Los Angeles Angels,2018-05-17
1,Baltimore Orioles,Boston Red Sox,2018-05-17
2,Texas Rangers,Chicago White Sox,2018-05-17
3,Los Angeles Dodgers,Miami Marlins,2018-05-17
4,San Diego Padres,Pittsburgh Pirates,2018-05-17
5,Detroit Tigers,Seattle Mariners,2018-05-17
6,Colorado Rockies,San Francisco Giants,2018-05-17
7,Philadelphia Phillies,St. Louis Cardinals,2018-05-17
8,Oakland Athletics,Toronto Blue Jays,2018-05-17
0,Tampa Bay Rays,Los Angeles Angels,2018-05-18
1,Miami Marlins,Atlanta Braves,2018-05-18
2,Baltimore Orioles,Boston Red Sox,2018-05-18
3,Texas Rangers,Chicago White Sox,2018-05-18
4,Chicago Cubs,Cincinnati Reds,2018-05-18
5,Cleveland Indians,Houston Astros,2018-05-18
6,New York Yankees,Kansas City Royals,2018-05-18
7,Milwaukee Brewers,Minnesota Twins,2018-05-18
8,Arizona D'Backs,New York Mets,2018-05-18
9,San Diego Padres,Pittsburgh Pirates,2018-05-18
10,Detroit Tigers,Seattle Mariners,2018-05-18
11,Colorado Rockies,San Francisco Giants,2018-05-18
12,Philadelphia Phillies,St. Louis Cardinals,2018-05-18
13,Oakland Athletics,Toronto Blue Jays,2018-05-18
0,Tampa Bay Rays,Los Angeles Angels,2018-05-19
1,Miami Marlins,Atlanta Braves,2018-05-19
2,Baltimore Orioles,Boston Red Sox,2018-05-19
3,Texas Rangers,Chicago White Sox,2018-05-19
4,Chicago Cubs,Cincinnati Reds,2018-05-19
5,Chicago Cubs,Cincinnati Reds,2018-05-19
6,Cleveland Indians,Houston Astros,2018-05-19
7,New York Yankees,Kansas City Royals,2018-05-19
8,Milwaukee Brewers,Minnesota Twins,2018-05-19
9,Arizona D'Backs,New York Mets,2018-05-19
10,San Diego Padres,Pittsburgh Pirates,2018-05-19
11,Detroit Tigers,Seattle Mariners,2018-05-19
12,Colorado Rockies,San Francisco Giants,2018-05-19
13,Philadelphia Phillies,St. Louis Cardinals,2018-05-19
14,Oakland Athletics,Toronto Blue Jays,2018-05-19
15,Los Angeles Dodgers,Washington Nationals,2018-05-19
16,Los Angeles Dodgers,Washington Nationals,2018-05-19
0,Tampa Bay Rays,Los Angeles Angels,2018-05-20
1,Miami Marlins,Atlanta Braves,2018-05-20
2,Baltimore Orioles,Boston Red Sox,2018-05-20
3,Texas Rangers,Chicago White Sox,2018-05-20
4,Chicago Cubs,Cincinnati Reds,2018-05-20
5,Cleveland Indians,Houston Astros,2018-05-20
6,New York Yankees,Kansas City Royals,2018-05-20
7,Milwaukee Brewers,Minnesota Twins,2018-05-20
8,Arizona D'Backs,New York Mets,2018-05-20
9,San Diego Padres,Pittsburgh Pirates,2018-05-20
10,Detroit Tigers,Seattle Mariners,2018-05-20
11,Colorado Rockies,San Francisco Giants,2018-05-20
12,Philadelphia Phillies,St. Louis Cardinals,2018-05-20
13,Oakland Athletics,Toronto Blue Jays,2018-05-20
14,Los Angeles Dodgers,Washington Nationals,2018-05-20
0,Baltimore Orioles,Chicago White Sox,2018-05-21
1,Colorado Rockies,Los Angeles Dodgers,2018-05-21
2,Arizona D'Backs,Milwaukee Brewers,2018-05-21
3,Detroit Tigers,Minnesota Twins,2018-05-21
4,Miami Marlins,New York Mets,2018-05-21
5,Atlanta Braves,Philadelphia Phillies,2018-05-21
6,Kansas City Royals,St. Louis Cardinals,2018-05-21
7,New York Yankees,Texas Rangers,2018-05-21
8,San Diego Padres,Washington Nationals,2018-05-21
0,Baltimore Orioles,Chicago White Sox,2018-05-22
1,Cleveland Indians,Chicago Cubs,2018-05-22
2,Pittsburgh Pirates,Cincinnati Reds,2018-05-22
3,San Francisco Giants,Houston Astros,2018-05-22
4,Colorado Rockies,Los Angeles Dodgers,2018-05-22
5,Arizona D'Backs,Milwaukee Brewers,2018-05-22
6,Detroit Tigers,Minnesota Twins,2018-05-22
7,Miami Marlins,New York Mets,2018-05-22
8,Seattle Mariners,Oakland Athletics,2018-05-22
9,Atlanta Braves,Philadelphia Phillies,2018-05-22
10,Kansas City Royals,St. Louis Cardinals,2018-05-22
11,Boston Red Sox,Tampa Bay Rays,2018-05-22
12,New York Yankees,Texas Rangers,2018-05-22
13,Los Angeles Angels,Toronto Blue Jays,2018-05-22
14,San Diego Padres,Washington Nationals,2018-05-22
0,Baltimore Orioles,Chicago White Sox,2018-05-23
1,Cleveland Indians,Chicago Cubs,2018-05-23
2,Pittsburgh Pirates,Cincinnati Reds,2018-05-23
3,San Francisco Giants,Houston Astros,2018-05-23
4,Colorado Rockies,Los Angeles Dodgers,2018-05-23
5,Arizona D'Backs,Milwaukee Brewers,2018-05-23
6,Detroit Tigers,Minnesota Twins,2018-05-23
7,Miami Marlins,New York Mets,2018-05-23
8,Seattle Mariners,Oakland Athletics,2018-05-23
9,Atlanta Braves,Philadelphia Phillies,2018-05-23
10,Kansas City Royals,St. Louis Cardinals,2018-05-23
11,Boston Red Sox,Tampa Bay Rays,2018-05-23
12,New York Yankees,Texas Rangers,2018-05-23
13,Los Angeles Angels,Toronto Blue Jays,2018-05-23
14,San Diego Padres,Washington Nationals,2018-05-23
0,Baltimore Orioles,Chicago White Sox,2018-05-24
1,Pittsburgh Pirates,Cincinnati Reds,2018-05-24
2,Houston Astros,Cleveland Indians,2018-05-24
3,New York Mets,Milwaukee Brewers,2018-05-24
4,Seattle Mariners,Oakland Athletics,2018-05-24
5,Boston Red Sox,Tampa Bay Rays,2018-05-24
6,Kansas City Royals,Texas Rangers,2018-05-24
7,Los Angeles Angels,Toronto Blue Jays,2018-05-24
0,Atlanta Braves,Boston Red Sox,2018-05-25
1,San Francisco Giants,Chicago Cubs,2018-05-25
2,Houston Astros,Cleveland Indians,2018-05-25
3,Cincinnati Reds,Colorado Rockies,2018-05-25
4,Chicago White Sox,Detroit Tigers,2018-05-25
5,San Diego Padres,Los Angeles Dodgers,2018-05-25
6,Washington Nationals,Miami Marlins,2018-05-25
7,New York Mets,Milwaukee Brewers,2018-05-25
8,Los Angeles Angels,New York Yankees,2018-05-25
9,Arizona D'Backs,Oakland Athletics,2018-05-25
10,Toronto Blue Jays,Philadelphia Phillies,2018-05-25
11,St. Louis Cardinals,Pittsburgh Pirates,2018-05-25
12,Minnesota Twins,Seattle Mariners,2018-05-25
13,Baltimore Orioles,Tampa Bay Rays,2018-05-25
14,Kansas City Royals,Texas Rangers,2018-05-25
0,Atlanta Braves,Boston Red Sox,2018-05-26
1,San Francisco Giants,Chicago Cubs,2018-05-26
2,Houston Astros,Cleveland Indians,2018-05-26
3,Cincinnati Reds,Colorado Rockies,2018-05-26
4,Chicago White Sox,Detroit Tigers,2018-05-26
5,San Diego Padres,Los Angeles Dodgers,2018-05-26
6,Washington Nationals,Miami Marlins,2018-05-26
7,New York Mets,Milwaukee Brewers,2018-05-26
8,Los Angeles Angels,New York Yankees,2018-05-26
9,Arizona D'Backs,Oakland Athletics,2018-05-26
10,Toronto Blue Jays,Philadelphia Phillies,2018-05-26
11,St. Louis Cardinals,Pittsburgh Pirates,2018-05-26
12,Minnesota Twins,Seattle Mariners,2018-05-26
13,Baltimore Orioles,Tampa Bay Rays,2018-05-26
14,Kansas City Royals,Texas Rangers,2018-05-26
0,Atlanta Braves,Boston Red Sox,2018-05-27
1,San Francisco Giants,Chicago Cubs,2018-05-27
2,Houston Astros,Cleveland Indians,2018-05-27
3,Cincinnati Reds,Colorado Rockies,2018-05-27
4,Chicago White Sox,Detroit Tigers,2018-05-27
5,San Diego Padres,Los Angeles Dodgers,2018-05-27
6,Washington Nationals,Miami Marlins,2018-05-27
7,New York Mets,Milwaukee Brewers,2018-05-27
8,Los Angeles Angels,New York Yankees,2018-05-27
9,Arizona D'Backs,Oakland Athletics,2018-05-27
10,Toronto Blue Jays,Philadelphia Phillies,2018-05-27
11,St. Louis Cardinals,Pittsburgh Pirates,2018-05-27
12,Minnesota Twins,Seattle Mariners,2018-05-27
13,Baltimore Orioles,Tampa Bay Rays,2018-05-27
14,Kansas City Royals,Texas Rangers,2018-05-27
0,Cincinnati Reds,Arizona D'Backs,2018-05-28
1,New York Mets,Atlanta Braves,2018-05-28
2,New York Mets,Atlanta Braves,2018-05-28
3,Washington Nationals,Baltimore Orioles,2018-05-28
4,Toronto Blue Jays,Boston Red Sox,2018-05-28
5,Chicago White Sox,Cleveland Indians,2018-05-28
6,San Francisco Giants,Colorado Rockies,2018-05-28
7,Los Angeles Angels,Detroit Tigers,2018-05-28
8,Minnesota Twins,Kansas City Royals,2018-05-28
9,Philadelphia Phillies,Los Angeles Dodgers,2018-05-28
10,St. Louis Cardinals,Milwaukee Brewers,2018-05-28
11,Houston Astros,New York Yankees,2018-05-28
12,Tampa Bay Rays,Oakland Athletics,2018-05-28
13,Chicago Cubs,Pittsburgh Pirates,2018-05-28
14,Miami Marlins,San Diego Padres,2018-05-28
15,Texas Rangers,Seattle Mariners,2018-05-28
0,Cincinnati Reds,Arizona D'Backs,2018-05-29
1,New York Mets,Atlanta Braves,2018-05-29
2,Washington Nationals,Baltimore Orioles,2018-05-29
3,Toronto Blue Jays,Boston Red Sox,2018-05-29
4,Chicago White Sox,Cleveland Indians,2018-05-29
5,San Francisco Giants,Colorado Rockies,2018-05-29
6,Los Angeles Angels,Detroit Tigers,2018-05-29
7,Minnesota Twins,Kansas City Royals,2018-05-29
8,Philadelphia Phillies,Los Angeles Dodgers,2018-05-29
9,St. Louis Cardinals,Milwaukee Brewers,2018-05-29
10,Houston Astros,New York Yankees,2018-05-29
11,Tampa Bay Rays,Oakland Athletics,2018-05-29
12,Chicago Cubs,Pittsburgh Pirates,2018-05-29
13,Miami Marlins,San Diego Padres,2018-05-29
14,Texas Rangers,Seattle Mariners,2018-05-29
0,Cincinnati Reds,Arizona D'Backs,2018-05-30
1,New York Mets,Atlanta Braves,2018-05-30
2,Washington Nationals,Baltimore Orioles,2018-05-30
3,Toronto Blue Jays,Boston Red Sox,2018-05-30
4,Chicago White Sox,Cleveland Indians,2018-05-30
5,San Francisco Giants,Colorado Rockies,2018-05-30
6,Los Angeles Angels,Detroit Tigers,2018-05-30
7,Minnesota Twins,Kansas City Royals,2018-05-30
8,Philadelphia Phillies,Los Angeles Dodgers,2018-05-30
9,St. Louis Cardinals,Milwaukee Brewers,2018-05-30
10,Houston Astros,New York Yankees,2018-05-30
11,Tampa Bay Rays,Oakland Athletics,2018-05-30
12,Chicago Cubs,Pittsburgh Pirates,2018-05-30
13,Miami Marlins,San Diego Padres,2018-05-30
14,Texas Rangers,Seattle Mariners,2018-05-30
0,Washington Nationals,Atlanta Braves,2018-05-31
1,Los Angeles Angels,Detroit Tigers,2018-05-31
2,Boston Red Sox,Houston Astros,2018-05-31
3,Philadelphia Phillies,Los Angeles Dodgers,2018-05-31
4,Cleveland Indians,Minnesota Twins,2018-05-31
5,Chicago Cubs,New York Mets,2018-05-31
6,Tampa Bay Rays,Oakland Athletics,2018-05-31
7,Miami Marlins,San Diego Padres,2018-05-31
8,Texas Rangers,Seattle Mariners,2018-05-31
9,Pittsburgh Pirates,St. Louis Cardinals,2018-05-31
0,Texas Rangers,Los Angeles Angels,2018-06-01
1,Miami Marlins,Arizona D'Backs,2018-06-01
2,Washington Nationals,Atlanta Braves,2018-06-01
3,New York Yankees,Baltimore Orioles,2018-06-01
4,Milwaukee Brewers,Chicago White Sox,2018-06-01
5,Los Angeles Dodgers,Colorado Rockies,2018-06-01
6,Toronto Blue Jays,Detroit Tigers,2018-06-01
7,Boston Red Sox,Houston Astros,2018-06-01
8,Oakland Athletics,Kansas City Royals,2018-06-01
9,Cleveland Indians,Minnesota Twins,2018-06-01
10,Chicago Cubs,New York Mets,2018-06-01
11,Cincinnati Reds,San Diego Padres,2018-06-01
12,Tampa Bay Rays,Seattle Mariners,2018-06-01
13,Philadelphia Phillies,San Francisco Giants,2018-06-01
14,Pittsburgh Pirates,St. Louis Cardinals,2018-06-01
0,Texas Rangers,Los Angeles Angels,2018-06-02
1,Miami Marlins,Arizona D'Backs,2018-06-02
2,Washington Nationals,Atlanta Braves,2018-06-02
3,New York Yankees,Baltimore Orioles,2018-06-02
4,Milwaukee Brewers,Chicago White Sox,2018-06-02
5,Los Angeles Dodgers,Colorado Rockies,2018-06-02
6,Toronto Blue Jays,Detroit Tigers,2018-06-02
7,Boston Red Sox,Houston Astros,2018-06-02
8,Oakland Athletics,Kansas City Royals,2018-06-02
9,Cleveland Indians,Minnesota Twins,2018-06-02
10,Chicago Cubs,New York Mets,2018-06-02
11,Cincinnati Reds,San Diego Padres,2018-06-02
12,Tampa Bay Rays,Seattle Mariners,2018-06-02
13,Philadelphia Phillies,San Francisco Giants,2018-06-02
14,Pittsburgh Pirates,St. Louis Cardinals,2018-06-02
0,Texas Rangers,Los Angeles Angels,2018-06-03
1,Miami Marlins,Arizona D'Backs,2018-06-03
2,Washington Nationals,Atlanta Braves,2018-06-03
3,Milwaukee Brewers,Chicago White Sox,2018-06-03
4,Los Angeles Dodgers,Colorado Rockies,2018-06-03
5,Toronto Blue Jays,Detroit Tigers,2018-06-03
6,Boston Red Sox,Houston Astros,2018-06-03
7,Oakland Athletics,Kansas City Royals,2018-06-03
8,Cleveland Indians,Minnesota Twins,2018-06-03
9,Chicago Cubs,New York Mets,2018-06-03
10,Cincinnati Reds,San Diego Padres,2018-06-03
11,Tampa Bay Rays,Seattle Mariners,2018-06-03
12,Philadelphia Phillies,San Francisco Giants,2018-06-03
13,Pittsburgh Pirates,St. Louis Cardinals,2018-06-03
0,Kansas City Royals,Los Angeles Angels,2018-06-04
1,New York Yankees,Detroit Tigers,2018-06-04
2,New York Yankees,Detroit Tigers,2018-06-04
3,Atlanta Braves,San Diego Padres,2018-06-04
4,Arizona D'Backs,San Francisco Giants,2018-06-04
0,Kansas City Royals,Los Angeles Angels,2018-06-05
1,Detroit Tigers,Boston Red Sox,2018-06-05
2,Philadelphia Phillies,Chicago Cubs,2018-06-05
3,Colorado Rockies,Cincinnati Reds,2018-06-05
4,Milwaukee Brewers,Cleveland Indians,2018-06-05
5,Seattle Mariners,Houston Astros,2018-06-05
6,Chicago White Sox,Minnesota Twins,2018-06-05
7,Chicago White Sox,Minnesota Twins,2018-06-05
8,Baltimore Orioles,New York Mets,2018-06-05
9,Los Angeles Dodgers,Pittsburgh Pirates,2018-06-05
10,Atlanta Braves,San Diego Padres,2018-06-05
11,Arizona D'Backs,San Francisco Giants,2018-06-05
12,Miami Marlins,St. Louis Cardinals,2018-06-05
13,Oakland Athletics,Texas Rangers,2018-06-05
14,New York Yankees,Toronto Blue Jays,2018-06-05
15,Tampa Bay Rays,Washington Nationals,2018-06-05
0,Kansas City Royals,Los Angeles Angels,2018-06-06
1,Detroit Tigers,Boston Red Sox,2018-06-06
2,Philadelphia Phillies,Chicago Cubs,2018-06-06
3,Colorado Rockies,Cincinnati Reds,2018-06-06
4,Milwaukee Brewers,Cleveland Indians,2018-06-06
5,Seattle Mariners,Houston Astros,2018-06-06
6,Chicago White Sox,Minnesota Twins,2018-06-06
7,Baltimore Orioles,New York Mets,2018-06-06
8,Los Angeles Dodgers,Pittsburgh Pirates,2018-06-06
9,Atlanta Braves,San Diego Padres,2018-06-06
10,Arizona D'Backs,San Francisco Giants,2018-06-06
11,Miami Marlins,St. Louis Cardinals,2018-06-06
12,Oakland Athletics,Texas Rangers,2018-06-06
13,New York Yankees,Toronto Blue Jays,2018-06-06
14,Tampa Bay Rays,Washington Nationals,2018-06-06
0,Detroit Tigers,Boston Red Sox,2018-06-07
1,Philadelphia Phillies,Chicago Cubs,2018-06-07
2,Colorado Rockies,Cincinnati Reds,2018-06-07
3,Chicago White Sox,Minnesota Twins,2018-06-07
4,Kansas City Royals,Oakland Athletics,2018-06-07
5,Los Angeles Dodgers,Pittsburgh Pirates,2018-06-07
6,Miami Marlins,St. Louis Cardinals,2018-06-07
7,Seattle Mariners,Tampa Bay Rays,2018-06-07
8,Houston Astros,Texas Rangers,2018-06-07
9,Baltimore Orioles,Toronto Blue Jays,2018-06-07
0,Chicago White Sox,Boston Red Sox,2018-06-08
1,Pittsburgh Pirates,Chicago Cubs,2018-06-08
2,St. Louis Cardinals,Cincinnati Reds,2018-06-08
3,Arizona D'Backs,Colorado Rockies,2018-06-08
4,Cleveland Indians,Detroit Tigers,2018-06-08
5,Atlanta Braves,Los Angeles Dodgers,2018-06-08
6,San Diego Padres,Miami Marlins,2018-06-08
7,Los Angeles Angels,Minnesota Twins,2018-06-08
8,New York Yankees,New York Mets,2018-06-08
9,Kansas City Royals,Oakland Athletics,2018-06-08
10,Milwaukee Brewers,Philadelphia Phillies,2018-06-08
11,Seattle Mariners,Tampa Bay Rays,2018-06-08
12,Houston Astros,Texas Rangers,2018-06-08
13,Baltimore Orioles,Toronto Blue Jays,2018-06-08
14,San Francisco Giants,Washington Nationals,2018-06-08
0,Chicago White Sox,Boston Red Sox,2018-06-09
1,Pittsburgh Pirates,Chicago Cubs,2018-06-09
2,St. Louis Cardinals,Cincinnati Reds,2018-06-09
3,Arizona D'Backs,Colorado Rockies,2018-06-09
4,Cleveland Indians,Detroit Tigers,2018-06-09
5,Atlanta Braves,Los Angeles Dodgers,2018-06-09
6,San Diego Padres,Miami Marlins,2018-06-09
7,Los Angeles Angels,Minnesota Twins,2018-06-09
8,New York Yankees,New York Mets,2018-06-09
9,Kansas City Royals,Oakland Athletics,2018-06-09
10,Milwaukee Brewers,Philadelphia Phillies,2018-06-09
11,Seattle Mariners,Tampa Bay Rays,2018-06-09
12,Houston Astros,Texas Rangers,2018-06-09
13,Baltimore Orioles,Toronto Blue Jays,2018-06-09
14,San Francisco Giants,Washington Nationals,2018-06-09
0,Chicago White Sox,Boston Red Sox,2018-06-10
1,Pittsburgh Pirates,Chicago Cubs,2018-06-10
2,St. Louis Cardinals,Cincinnati Reds,2018-06-10
3,Arizona D'Backs,Colorado Rockies,2018-06-10
4,Cleveland Indians,Detroit Tigers,2018-06-10
5,Atlanta Braves,Los Angeles Dodgers,2018-06-10
6,San Diego Padres,Miami Marlins,2018-06-10
7,Los Angeles Angels,Minnesota Twins,2018-06-10
8,New York Yankees,New York Mets,2018-06-10
9,Kansas City Royals,Oakland Athletics,2018-06-10
10,Milwaukee Brewers,Philadelphia Phillies,2018-06-10
11,Seattle Mariners,Tampa Bay Rays,2018-06-10
12,Houston Astros,Texas Rangers,2018-06-10
13,Baltimore Orioles,Toronto Blue Jays,2018-06-10
14,San Francisco Giants,Washington Nationals,2018-06-10
0,Pittsburgh Pirates,Arizona D'Backs,2018-06-11
1,Boston Red Sox,Baltimore Orioles,2018-06-11
2,Cleveland Indians,Chicago White Sox,2018-06-11
3,San Francisco Giants,Miami Marlins,2018-06-11
4,Chicago Cubs,Milwaukee Brewers,2018-06-11
5,Los Angeles Angels,Seattle Mariners,2018-06-11
6,San Diego Padres,St. Louis Cardinals,2018-06-11
7,Toronto Blue Jays,Tampa Bay Rays,2018-06-11
0,Pittsburgh Pirates,Arizona D'Backs,2018-06-12
1,New York Mets,Atlanta Braves,2018-06-12
2,Boston Red Sox,Baltimore Orioles,2018-06-12
3,Cleveland Indians,Chicago White Sox,2018-06-12
4,Minnesota Twins,Detroit Tigers,2018-06-12
5,Cincinnati Reds,Kansas City Royals,2018-06-12
6,Texas Rangers,Los Angeles Dodgers,2018-06-12
7,San Francisco Giants,Miami Marlins,2018-06-12
8,Chicago Cubs,Milwaukee Brewers,2018-06-12
9,Washington Nationals,New York Yankees,2018-06-12
10,Houston Astros,Oakland Athletics,2018-06-12
11,Colorado Rockies,Philadelphia Phillies,2018-06-12
12,Los Angeles Angels,Seattle Mariners,2018-06-12
13,San Diego Padres,St. Louis Cardinals,2018-06-12
14,Toronto Blue Jays,Tampa Bay Rays,2018-06-12
0,Pittsburgh Pirates,Arizona D'Backs,2018-06-13
1,New York Mets,Atlanta Braves,2018-06-13
2,Boston Red Sox,Baltimore Orioles,2018-06-13
3,Cleveland Indians,Chicago White Sox,2018-06-13
4,Minnesota Twins,Detroit Tigers,2018-06-13
5,Cincinnati Reds,Kansas City Royals,2018-06-13
6,Texas Rangers,Los Angeles Dodgers,2018-06-13
7,San Francisco Giants,Miami Marlins,2018-06-13
8,Chicago Cubs,Milwaukee Brewers,2018-06-13
9,Washington Nationals,New York Yankees,2018-06-13
10,Houston Astros,Oakland Athletics,2018-06-13
11,Colorado Rockies,Philadelphia Phillies,2018-06-13
12,Los Angeles Angels,Seattle Mariners,2018-06-13
13,San Diego Padres,St. Louis Cardinals,2018-06-13
14,Toronto Blue Jays,Tampa Bay Rays,2018-06-13
0,New York Mets,Arizona D'Backs,2018-06-14
1,San Diego Padres,Atlanta Braves,2018-06-14
2,Cleveland Indians,Chicago White Sox,2018-06-14
3,Minnesota Twins,Detroit Tigers,2018-06-14
4,San Francisco Giants,Miami Marlins,2018-06-14
5,Tampa Bay Rays,New York Yankees,2018-06-14
6,Houston Astros,Oakland Athletics,2018-06-14
7,Colorado Rockies,Philadelphia Phillies,2018-06-14
8,Boston Red Sox,Seattle Mariners,2018-06-14
0,New York Mets,Arizona D'Backs,2018-06-15
1,San Diego Padres,Atlanta Braves,2018-06-15
2,Miami Marlins,Baltimore Orioles,2018-06-15
3,Detroit Tigers,Chicago White Sox,2018-06-15
4,Minnesota Twins,Cleveland Indians,2018-06-15
5,Houston Astros,Kansas City Royals,2018-06-15
6,San Francisco Giants,Los Angeles Dodgers,2018-06-15
7,Philadelphia Phillies,Milwaukee Brewers,2018-06-15
8,Tampa Bay Rays,New York Yankees,2018-06-15
9,Los Angeles Angels,Oakland Athletics,2018-06-15
10,Cincinnati Reds,Pittsburgh Pirates,2018-06-15
11,Boston Red Sox,Seattle Mariners,2018-06-15
12,Chicago Cubs,St. Louis Cardinals,2018-06-15
13,Colorado Rockies,Texas Rangers,2018-06-15
14,Washington Nationals,Toronto Blue Jays,2018-06-15
0,New York Mets,Arizona D'Backs,2018-06-16
1,San Diego Padres,Atlanta Braves,2018-06-16
2,Miami Marlins,Baltimore Orioles,2018-06-16
3,Detroit Tigers,Chicago White Sox,2018-06-16
4,Minnesota Twins,Cleveland Indians,2018-06-16
5,Houston Astros,Kansas City Royals,2018-06-16
6,San Francisco Giants,Los Angeles Dodgers,2018-06-16
7,Philadelphia Phillies,Milwaukee Brewers,2018-06-16
8,Tampa Bay Rays,New York Yankees,2018-06-16
9,Los Angeles Angels,Oakland Athletics,2018-06-16
10,Cincinnati Reds,Pittsburgh Pirates,2018-06-16
11,Boston Red Sox,Seattle Mariners,2018-06-16
12,Chicago Cubs,St. Louis Cardinals,2018-06-16
13,Colorado Rockies,Texas Rangers,2018-06-16
14,Washington Nationals,Toronto Blue Jays,2018-06-16
0,New York Mets,Arizona D'Backs,2018-06-17
1,San Diego Padres,Atlanta Braves,2018-06-17
2,Miami Marlins,Baltimore Orioles,2018-06-17
3,Detroit Tigers,Chicago White Sox,2018-06-17
4,Minnesota Twins,Cleveland Indians,2018-06-17
5,Houston Astros,Kansas City Royals,2018-06-17
6,San Francisco Giants,Los Angeles Dodgers,2018-06-17
7,Philadelphia Phillies,Milwaukee Brewers,2018-06-17
8,Tampa Bay Rays,New York Yankees,2018-06-17
9,Los Angeles Angels,Oakland Athletics,2018-06-17
10,Cincinnati Reds,Pittsburgh Pirates,2018-06-17
11,Boston Red Sox,Seattle Mariners,2018-06-17
12,Chicago Cubs,St. Louis Cardinals,2018-06-17
13,Colorado Rockies,Texas Rangers,2018-06-17
14,Washington Nationals,Toronto Blue Jays,2018-06-17
0,Arizona D'Backs,Los Angeles Angels,2018-06-18
1,Chicago White Sox,Cleveland Indians,2018-06-18
2,New York Mets,Colorado Rockies,2018-06-18
3,Tampa Bay Rays,Houston Astros,2018-06-18
4,Texas Rangers,Kansas City Royals,2018-06-18
5,St. Louis Cardinals,Philadelphia Phillies,2018-06-18
6,Milwaukee Brewers,Pittsburgh Pirates,2018-06-18
7,Miami Marlins,San Francisco Giants,2018-06-18
8,New York Yankees,Washington Nationals,2018-06-18
0,Arizona D'Backs,Los Angeles Angels,2018-06-19
1,Los Angeles Dodgers,Chicago Cubs,2018-06-19
2,Los Angeles Dodgers,Chicago Cubs,2018-06-19
3,Detroit Tigers,Cincinnati Reds,2018-06-19
4,Chicago White Sox,Cleveland Indians,2018-06-19
5,New York Mets,Colorado Rockies,2018-06-19
6,Tampa Bay Rays,Houston Astros,2018-06-19
7,Texas Rangers,Kansas City Royals,2018-06-19
8,Boston Red Sox,Minnesota Twins,2018-06-19
9,Seattle Mariners,New York Yankees,2018-06-19
10,St. Louis Cardinals,Philadelphia Phillies,2018-06-19
11,Milwaukee Brewers,Pittsburgh Pirates,2018-06-19
12,Oakland Athletics,San Diego Padres,2018-06-19
13,Miami Marlins,San Francisco Giants,2018-06-19
14,Atlanta Braves,Toronto Blue Jays,2018-06-19
15,Baltimore Orioles,Washington Nationals,2018-06-19
0,Los Angeles Dodgers,Chicago Cubs,2018-06-20
1,Detroit Tigers,Cincinnati Reds,2018-06-20
2,Chicago White Sox,Cleveland Indians,2018-06-20
3,New York Mets,Colorado Rockies,2018-06-20
4,Tampa Bay Rays,Houston Astros,2018-06-20
5,Texas Rangers,Kansas City Royals,2018-06-20
6,Boston Red Sox,Minnesota Twins,2018-06-20
7,Seattle Mariners,New York Yankees,2018-06-20
8,St. Louis Cardinals,Philadelphia Phillies,2018-06-20
9,Oakland Athletics,San Diego Padres,2018-06-20
10,Miami Marlins,San Francisco Giants,2018-06-20
11,Atlanta Braves,Toronto Blue Jays,2018-06-20
12,Baltimore Orioles,Washington Nationals,2018-06-20
0,Toronto Blue Jays,Los Angeles Angels,2018-06-21
1,Chicago Cubs,Cincinnati Reds,2018-06-21
2,New York Mets,Colorado Rockies,2018-06-21
3,St. Louis Cardinals,Milwaukee Brewers,2018-06-21
4,Boston Red Sox,Minnesota Twins,2018-06-21
5,Seattle Mariners,New York Yankees,2018-06-21
6,Arizona D'Backs,Pittsburgh Pirates,2018-06-21
7,San Diego Padres,San Francisco Giants,2018-06-21
8,Baltimore Orioles,Washington Nationals,2018-06-21
0,Toronto Blue Jays,Los Angeles Angels,2018-06-22
1,Baltimore Orioles,Atlanta Braves,2018-06-22
2,Seattle Mariners,Boston Red Sox,2018-06-22
3,Oakland Athletics,Chicago White Sox,2018-06-22
4,Oakland Athletics,Chicago White Sox,2018-06-22
5,Chicago Cubs,Cincinnati Reds,2018-06-22
6,Detroit Tigers,Cleveland Indians,2018-06-22
7,Miami Marlins,Colorado Rockies,2018-06-22
8,Kansas City Royals,Houston Astros,2018-06-22
9,St. Louis Cardinals,Milwaukee Brewers,2018-06-22
10,Texas Rangers,Minnesota Twins,2018-06-22
11,Los Angeles Dodgers,New York Mets,2018-06-22
12,Arizona D'Backs,Pittsburgh Pirates,2018-06-22
13,San Diego Padres,San Francisco Giants,2018-06-22
14,New York Yankees,Tampa Bay Rays,2018-06-22
15,Philadelphia Phillies,Washington Nationals,2018-06-22
0,Toronto Blue Jays,Los Angeles Angels,2018-06-23
1,Baltimore Orioles,Atlanta Braves,2018-06-23
2,Seattle Mariners,Boston Red Sox,2018-06-23
3,Oakland Athletics,Chicago White Sox,2018-06-23
4,Chicago Cubs,Cincinnati Reds,2018-06-23
5,Detroit Tigers,Cleveland Indians,2018-06-23
6,Miami Marlins,Colorado Rockies,2018-06-23
7,Kansas City Royals,Houston Astros,2018-06-23
8,St. Louis Cardinals,Milwaukee Brewers,2018-06-23
9,Texas Rangers,Minnesota Twins,2018-06-23
10,Los Angeles Dodgers,New York Mets,2018-06-23
11,Arizona D'Backs,Pittsburgh Pirates,2018-06-23
12,San Diego Padres,San Francisco Giants,2018-06-23
13,New York Yankees,Tampa Bay Rays,2018-06-23
14,Philadelphia Phillies,Washington Nationals,2018-06-23
0,Toronto Blue Jays,Los Angeles Angels,2018-06-24
1,Baltimore Orioles,Atlanta Braves,2018-06-24
2,Seattle Mariners,Boston Red Sox,2018-06-24
3,Oakland Athletics,Chicago White Sox,2018-06-24
4,Chicago Cubs,Cincinnati Reds,2018-06-24
5,Detroit Tigers,Cleveland Indians,2018-06-24
6,Miami Marlins,Colorado Rockies,2018-06-24
7,Kansas City Royals,Houston Astros,2018-06-24
8,St. Louis Cardinals,Milwaukee Brewers,2018-06-24
9,Texas Rangers,Minnesota Twins,2018-06-24
10,Los Angeles Dodgers,New York Mets,2018-06-24
11,Arizona D'Backs,Pittsburgh Pirates,2018-06-24
12,San Diego Padres,San Francisco Giants,2018-06-24
13,New York Yankees,Tampa Bay Rays,2018-06-24
14,Philadelphia Phillies,Washington Nationals,2018-06-24
0,Cincinnati Reds,Atlanta Braves,2018-06-25
1,Seattle Mariners,Baltimore Orioles,2018-06-25
2,Oakland Athletics,Detroit Tigers,2018-06-25
3,Toronto Blue Jays,Houston Astros,2018-06-25
4,Los Angeles Angels,Kansas City Royals,2018-06-25
5,Chicago Cubs,Los Angeles Dodgers,2018-06-25
6,Arizona D'Backs,Miami Marlins,2018-06-25
7,Pittsburgh Pirates,New York Mets,2018-06-25
8,New York Yankees,Philadelphia Phillies,2018-06-25
9,Cleveland Indians,St. Louis Cardinals,2018-06-25
10,Washington Nationals,Tampa Bay Rays,2018-06-25
11,San Diego Padres,Texas Rangers,2018-06-25
0,Cincinnati Reds,Atlanta Braves,2018-06-26
1,Seattle Mariners,Baltimore Orioles,2018-06-26
2,Los Angeles Angels,Boston Red Sox,2018-06-26
3,Minnesota Twins,Chicago White Sox,2018-06-26
4,Oakland Athletics,Detroit Tigers,2018-06-26
5,Toronto Blue Jays,Houston Astros,2018-06-26
6,Chicago Cubs,Los Angeles Dodgers,2018-06-26
7,Arizona D'Backs,Miami Marlins,2018-06-26
8,Kansas City Royals,Milwaukee Brewers,2018-06-26
9,Pittsburgh Pirates,New York Mets,2018-06-26
10,New York Yankees,Philadelphia Phillies,2018-06-26
11,Colorado Rockies,San Francisco Giants,2018-06-26
12,Cleveland Indians,St. Louis Cardinals,2018-06-26
13,Washington Nationals,Tampa Bay Rays,2018-06-26
14,San Diego Padres,Texas Rangers,2018-06-26
0,Cincinnati Reds,Atlanta Braves,2018-06-27
1,Seattle Mariners,Baltimore Orioles,2018-06-27
2,Los Angeles Angels,Boston Red Sox,2018-06-27
3,Minnesota Twins,Chicago White Sox,2018-06-27
4,Oakland Athletics,Detroit Tigers,2018-06-27
5,Toronto Blue Jays,Houston Astros,2018-06-27
6,Chicago Cubs,Los Angeles Dodgers,2018-06-27
7,Arizona D'Backs,Miami Marlins,2018-06-27
8,Kansas City Royals,Milwaukee Brewers,2018-06-27
9,Pittsburgh Pirates,New York Mets,2018-06-27
10,New York Yankees,Philadelphia Phillies,2018-06-27
11,Colorado Rockies,San Francisco Giants,2018-06-27
12,Cleveland Indians,St. Louis Cardinals,2018-06-27
13,San Diego Padres,Texas Rangers,2018-06-27
0,Seattle Mariners,Baltimore Orioles,2018-06-28
1,Los Angeles Angels,Boston Red Sox,2018-06-28
2,Minnesota Twins,Chicago White Sox,2018-06-28
3,Milwaukee Brewers,Cincinnati Reds,2018-06-28
4,Oakland Athletics,Detroit Tigers,2018-06-28
5,Chicago Cubs,Los Angeles Dodgers,2018-06-28
6,Arizona D'Backs,Miami Marlins,2018-06-28
7,Washington Nationals,Philadelphia Phillies,2018-06-28
8,Colorado Rockies,San Francisco Giants,2018-06-28
9,Houston Astros,Tampa Bay Rays,2018-06-28
0,San Francisco Giants,Arizona D'Backs,2018-06-29
1,Los Angeles Angels,Baltimore Orioles,2018-06-29
2,Minnesota Twins,Chicago Cubs,2018-06-29
3,Milwaukee Brewers,Cincinnati Reds,2018-06-29
4,Colorado Rockies,Los Angeles Dodgers,2018-06-29
5,New York Mets,Miami Marlins,2018-06-29
6,Boston Red Sox,New York Yankees,2018-06-29
7,Cleveland Indians,Oakland Athletics,2018-06-29
8,Washington Nationals,Philadelphia Phillies,2018-06-29
9,Pittsburgh Pirates,San Diego Padres,2018-06-29
10,Kansas City Royals,Seattle Mariners,2018-06-29
11,Atlanta Braves,St. Louis Cardinals,2018-06-29
12,Houston Astros,Tampa Bay Rays,2018-06-29
13,Chicago White Sox,Texas Rangers,2018-06-29
14,Detroit Tigers,Toronto Blue Jays,2018-06-29
0,San Francisco Giants,Arizona D'Backs,2018-06-30
1,Los Angeles Angels,Baltimore Orioles,2018-06-30
2,Minnesota Twins,Chicago Cubs,2018-06-30
3,Milwaukee Brewers,Cincinnati Reds,2018-06-30
4,Colorado Rockies,Los Angeles Dodgers,2018-06-30
5,New York Mets,Miami Marlins,2018-06-30
6,Boston Red Sox,New York Yankees,2018-06-30
7,Cleveland Indians,Oakland Athletics,2018-06-30
8,Washington Nationals,Philadelphia Phillies,2018-06-30
9,Pittsburgh Pirates,San Diego Padres,2018-06-30
10,Kansas City Royals,Seattle Mariners,2018-06-30
11,Atlanta Braves,St. Louis Cardinals,2018-06-30
12,Houston Astros,Tampa Bay Rays,2018-06-30
13,Chicago White Sox,Texas Rangers,2018-06-30
14,Detroit Tigers,Toronto Blue Jays,2018-06-30
0,San Francisco Giants,Arizona D'Backs,2018-07-01
1,Los Angeles Angels,Baltimore Orioles,2018-07-01
2,Minnesota Twins,Chicago Cubs,2018-07-01
3,Milwaukee Brewers,Cincinnati Reds,2018-07-01
4,Colorado Rockies,Los Angeles Dodgers,2018-07-01
5,New York Mets,Miami Marlins,2018-07-01
6,Boston Red Sox,New York Yankees,2018-07-01
7,Cleveland Indians,Oakland Athletics,2018-07-01
8,Washington Nationals,Philadelphia Phillies,2018-07-01
9,Pittsburgh Pirates,San Diego Padres,2018-07-01
10,Kansas City Royals,Seattle Mariners,2018-07-01
11,Atlanta Braves,St. Louis Cardinals,2018-07-01
12,Houston Astros,Tampa Bay Rays,2018-07-01
13,Chicago White Sox,Texas Rangers,2018-07-01
14,Detroit Tigers,Toronto Blue Jays,2018-07-01
0,St. Louis Cardinals,Arizona D'Backs,2018-07-02
1,Chicago White Sox,Cincinnati Reds,2018-07-02
2,San Francisco Giants,Colorado Rockies,2018-07-02
3,Cleveland Indians,Kansas City Royals,2018-07-02
4,Pittsburgh Pirates,Los Angeles Dodgers,2018-07-02
5,Tampa Bay Rays,Miami Marlins,2018-07-02
6,Minnesota Twins,Milwaukee Brewers,2018-07-02
7,Atlanta Braves,New York Yankees,2018-07-02
8,Detroit Tigers,Toronto Blue Jays,2018-07-02
9,Boston Red Sox,Washington Nationals,2018-07-02
0,St. Louis Cardinals,Arizona D'Backs,2018-07-03
1,Detroit Tigers,Chicago Cubs,2018-07-03
2,Chicago White Sox,Cincinnati Reds,2018-07-03
3,San Francisco Giants,Colorado Rockies,2018-07-03
4,Cleveland Indians,Kansas City Royals,2018-07-03
5,Pittsburgh Pirates,Los Angeles Dodgers,2018-07-03
6,Tampa Bay Rays,Miami Marlins,2018-07-03
7,Minnesota Twins,Milwaukee Brewers,2018-07-03
8,Atlanta Braves,New York Yankees,2018-07-03
9,San Diego Padres,Oakland Athletics,2018-07-03
10,Baltimore Orioles,Philadelphia Phillies,2018-07-03
11,Los Angeles Angels,Seattle Mariners,2018-07-03
12,Houston Astros,Texas Rangers,2018-07-03
13,New York Mets,Toronto Blue Jays,2018-07-03
14,Boston Red Sox,Washington Nationals,2018-07-03
0,St. Louis Cardinals,Arizona D'Backs,2018-07-04
1,Detroit Tigers,Chicago Cubs,2018-07-04
2,Chicago White Sox,Cincinnati Reds,2018-07-04
3,San Francisco Giants,Colorado Rockies,2018-07-04
4,Cleveland Indians,Kansas City Royals,2018-07-04
5,Pittsburgh Pirates,Los Angeles Dodgers,2018-07-04
6,Tampa Bay Rays,Miami Marlins,2018-07-04
7,Minnesota Twins,Milwaukee Brewers,2018-07-04
8,Atlanta Braves,New York Yankees,2018-07-04
9,San Diego Padres,Oakland Athletics,2018-07-04
10,Baltimore Orioles,Philadelphia Phillies,2018-07-04
11,Los Angeles Angels,Seattle Mariners,2018-07-04
12,Houston Astros,Texas Rangers,2018-07-04
13,New York Mets,Toronto Blue Jays,2018-07-04
14,Boston Red Sox,Washington Nationals,2018-07-04
0,San Diego Padres,Arizona D'Backs,2018-07-05
1,Texas Rangers,Detroit Tigers,2018-07-05
2,Chicago White Sox,Houston Astros,2018-07-05
3,Atlanta Braves,Milwaukee Brewers,2018-07-05
4,Baltimore Orioles,Minnesota Twins,2018-07-05
5,Los Angeles Angels,Seattle Mariners,2018-07-05
6,St. Louis Cardinals,San Francisco Giants,2018-07-05
7,Miami Marlins,Washington Nationals,2018-07-05
0,Los Angeles Dodgers,Los Angeles Angels,2018-07-06
1,San Diego Padres,Arizona D'Backs,2018-07-06
2,Cincinnati Reds,Chicago Cubs,2018-07-06
3,Oakland Athletics,Cleveland Indians,2018-07-06
4,Texas Rangers,Detroit Tigers,2018-07-06
5,Chicago White Sox,Houston Astros,2018-07-06
6,Boston Red Sox,Kansas City Royals,2018-07-06
7,Atlanta Braves,Milwaukee Brewers,2018-07-06
8,Baltimore Orioles,Minnesota Twins,2018-07-06
9,Tampa Bay Rays,New York Mets,2018-07-06
10,Philadelphia Phillies,Pittsburgh Pirates,2018-07-06
11,Colorado Rockies,Seattle Mariners,2018-07-06
12,St. Louis Cardinals,San Francisco Giants,2018-07-06
13,New York Yankees,Toronto Blue Jays,2018-07-06
14,Miami Marlins,Washington Nationals,2018-07-06
0,Los Angeles Dodgers,Los Angeles Angels,2018-07-07
1,San Diego Padres,Arizona D'Backs,2018-07-07
2,Cincinnati Reds,Chicago Cubs,2018-07-07
3,Oakland Athletics,Cleveland Indians,2018-07-07
4,Texas Rangers,Detroit Tigers,2018-07-07
5,Chicago White Sox,Houston Astros,2018-07-07
6,Boston Red Sox,Kansas City Royals,2018-07-07
7,Atlanta Braves,Milwaukee Brewers,2018-07-07
8,Baltimore Orioles,Minnesota Twins,2018-07-07
9,Tampa Bay Rays,New York Mets,2018-07-07
10,Philadelphia Phillies,Pittsburgh Pirates,2018-07-07
11,Colorado Rockies,Seattle Mariners,2018-07-07
12,St. Louis Cardinals,San Francisco Giants,2018-07-07
13,New York Yankees,Toronto Blue Jays,2018-07-07
14,Miami Marlins,Washington Nationals,2018-07-07
0,Los Angeles Dodgers,Los Angeles Angels,2018-07-08
1,San Diego Padres,Arizona D'Backs,2018-07-08
2,Cincinnati Reds,Chicago Cubs,2018-07-08
3,Oakland Athletics,Cleveland Indians,2018-07-08
4,Texas Rangers,Detroit Tigers,2018-07-08
5,Chicago White Sox,Houston Astros,2018-07-08
6,Boston Red Sox,Kansas City Royals,2018-07-08
7,Atlanta Braves,Milwaukee Brewers,2018-07-08
8,Baltimore Orioles,Minnesota Twins,2018-07-08
9,Tampa Bay Rays,New York Mets,2018-07-08
10,Philadelphia Phillies,Pittsburgh Pirates,2018-07-08
11,Colorado Rockies,Seattle Mariners,2018-07-08
12,St. Louis Cardinals,San Francisco Giants,2018-07-08
13,New York Yankees,Toronto Blue Jays,2018-07-08
14,Miami Marlins,Washington Nationals,2018-07-08
0,New York Yankees,Baltimore Orioles,2018-07-09
1,New York Yankees,Baltimore Orioles,2018-07-09
2,Texas Rangers,Boston Red Sox,2018-07-09
3,Cincinnati Reds,Cleveland Indians,2018-07-09
4,Oakland Athletics,Houston Astros,2018-07-09
5,Milwaukee Brewers,Miami Marlins,2018-07-09
6,Kansas City Royals,Minnesota Twins,2018-07-09
7,Philadelphia Phillies,New York Mets,2018-07-09
8,Philadelphia Phillies,New York Mets,2018-07-09
9,Washington Nationals,Pittsburgh Pirates,2018-07-09
10,Los Angeles Dodgers,San Diego Padres,2018-07-09
11,Chicago Cubs,San Francisco Giants,2018-07-09
12,Detroit Tigers,Tampa Bay Rays,2018-07-09
0,Seattle Mariners,Los Angeles Angels,2018-07-10
1,Toronto Blue Jays,Atlanta Braves,2018-07-10
2,New York Yankees,Baltimore Orioles,2018-07-10
3,Texas Rangers,Boston Red Sox,2018-07-10
4,St. Louis Cardinals,Chicago White Sox,2018-07-10
5,Cincinnati Reds,Cleveland Indians,2018-07-10
6,Arizona D'Backs,Colorado Rockies,2018-07-10
7,Oakland Athletics,Houston Astros,2018-07-10
8,Milwaukee Brewers,Miami Marlins,2018-07-10
9,Kansas City Royals,Minnesota Twins,2018-07-10
10,Philadelphia Phillies,New York Mets,2018-07-10
11,Washington Nationals,Pittsburgh Pirates,2018-07-10
12,Los Angeles Dodgers,San Diego Padres,2018-07-10
13,Chicago Cubs,San Francisco Giants,2018-07-10
14,Detroit Tigers,Tampa Bay Rays,2018-07-10
0,Seattle Mariners,Los Angeles Angels,2018-07-11
1,Toronto Blue Jays,Atlanta Braves,2018-07-11
2,New York Yankees,Baltimore Orioles,2018-07-11
3,Texas Rangers,Boston Red Sox,2018-07-11
4,St. Louis Cardinals,Chicago White Sox,2018-07-11
5,Cincinnati Reds,Cleveland Indians,2018-07-11
6,Arizona D'Backs,Colorado Rockies,2018-07-11
7,Oakland Athletics,Houston Astros,2018-07-11
8,Milwaukee Brewers,Miami Marlins,2018-07-11
9,Kansas City Royals,Minnesota Twins,2018-07-11
10,Philadelphia Phillies,New York Mets,2018-07-11
11,Washington Nationals,Pittsburgh Pirates,2018-07-11
12,Los Angeles Dodgers,San Diego Padres,2018-07-11
13,Chicago Cubs,San Francisco Giants,2018-07-11
14,Detroit Tigers,Tampa Bay Rays,2018-07-11
0,Seattle Mariners,Los Angeles Angels,2018-07-12
1,Philadelphia Phillies,Baltimore Orioles,2018-07-12
2,Toronto Blue Jays,Boston Red Sox,2018-07-12
3,New York Yankees,Cleveland Indians,2018-07-12
4,Arizona D'Backs,Colorado Rockies,2018-07-12
5,Oakland Athletics,Houston Astros,2018-07-12
6,Tampa Bay Rays,Minnesota Twins,2018-07-12
7,Washington Nationals,New York Mets,2018-07-12
8,Milwaukee Brewers,Pittsburgh Pirates,2018-07-12
9,Los Angeles Dodgers,San Diego Padres,2018-07-12
0,Arizona D'Backs,Atlanta Braves,2018-07-13
1,Texas Rangers,Baltimore Orioles,2018-07-13
2,Toronto Blue Jays,Boston Red Sox,2018-07-13
3,Kansas City Royals,Chicago White Sox,2018-07-13
4,New York Yankees,Cleveland Indians,2018-07-13
5,Seattle Mariners,Colorado Rockies,2018-07-13
6,Detroit Tigers,Houston Astros,2018-07-13
7,Los Angeles Angels,Los Angeles Dodgers,2018-07-13
8,Philadelphia Phillies,Miami Marlins,2018-07-13
9,Tampa Bay Rays,Minnesota Twins,2018-07-13
10,Washington Nationals,New York Mets,2018-07-13
11,Milwaukee Brewers,Pittsburgh Pirates,2018-07-13
12,Chicago Cubs,San Diego Padres,2018-07-13
13,Oakland Athletics,San Francisco Giants,2018-07-13
14,Cincinnati Reds,St. Louis Cardinals,2018-07-13
0,Arizona D'Backs,Atlanta Braves,2018-07-14
1,Texas Rangers,Baltimore Orioles,2018-07-14
2,Toronto Blue Jays,Boston Red Sox,2018-07-14
3,Kansas City Royals,Chicago White Sox,2018-07-14
4,New York Yankees,Cleveland Indians,2018-07-14
5,Seattle Mariners,Colorado Rockies,2018-07-14
6,Detroit Tigers,Houston Astros,2018-07-14
7,Los Angeles Angels,Los Angeles Dodgers,2018-07-14
8,Philadelphia Phillies,Miami Marlins,2018-07-14
9,Tampa Bay Rays,Minnesota Twins,2018-07-14
10,Washington Nationals,New York Mets,2018-07-14
11,Milwaukee Brewers,Pittsburgh Pirates,2018-07-14
12,Milwaukee Brewers,Pittsburgh Pirates,2018-07-14
13,Chicago Cubs,San Diego Padres,2018-07-14
14,Oakland Athletics,San Francisco Giants,2018-07-14
15,Cincinnati Reds,St. Louis Cardinals,2018-07-14
0,Arizona D'Backs,Atlanta Braves,2018-07-15
1,Texas Rangers,Baltimore Orioles,2018-07-15
2,Toronto Blue Jays,Boston Red Sox,2018-07-15
3,Kansas City Royals,Chicago White Sox,2018-07-15
4,New York Yankees,Cleveland Indians,2018-07-15
5,Seattle Mariners,Colorado Rockies,2018-07-15
6,Detroit Tigers,Houston Astros,2018-07-15
7,Los Angeles Angels,Los Angeles Dodgers,2018-07-15
8,Philadelphia Phillies,Miami Marlins,2018-07-15
9,Tampa Bay Rays,Minnesota Twins,2018-07-15
10,Washington Nationals,New York Mets,2018-07-15
11,Milwaukee Brewers,Pittsburgh Pirates,2018-07-15
12,Chicago Cubs,San Diego Padres,2018-07-15
13,Oakland Athletics,San Francisco Giants,2018-07-15
14,Cincinnati Reds,St. Louis Cardinals,2018-07-15
0,St. Louis Cardinals,Chicago Cubs,2018-07-19
0,Houston Astros,Los Angeles Angels,2018-07-20
1,Colorado Rockies,Arizona D'Backs,2018-07-20
2,St. Louis Cardinals,Chicago Cubs,2018-07-20
3,Pittsburgh Pirates,Cincinnati Reds,2018-07-20
4,Boston Red Sox,Detroit Tigers,2018-07-20
5,Minnesota Twins,Kansas City Royals,2018-07-20
6,Los Angeles Dodgers,Milwaukee Brewers,2018-07-20
7,New York Mets,New York Yankees,2018-07-20
8,San Francisco Giants,Oakland Athletics,2018-07-20
9,San Diego Padres,Philadelphia Phillies,2018-07-20
10,Chicago White Sox,Seattle Mariners,2018-07-20
11,Miami Marlins,Tampa Bay Rays,2018-07-20
12,Cleveland Indians,Texas Rangers,2018-07-20
13,Baltimore Orioles,Toronto Blue Jays,2018-07-20
14,Atlanta Braves,Washington Nationals,2018-07-20
0,Houston Astros,Los Angeles Angels,2018-07-21
1,Colorado Rockies,Arizona D'Backs,2018-07-21
2,St. Louis Cardinals,Chicago Cubs,2018-07-21
3,St. Louis Cardinals,Chicago Cubs,2018-07-21
4,Pittsburgh Pirates,Cincinnati Reds,2018-07-21
5,Boston Red Sox,Detroit Tigers,2018-07-21
6,Minnesota Twins,Kansas City Royals,2018-07-21
7,Los Angeles Dodgers,Milwaukee Brewers,2018-07-21
8,New York Mets,New York Yankees,2018-07-21
9,San Francisco Giants,Oakland Athletics,2018-07-21
10,Chicago White Sox,Seattle Mariners,2018-07-21
11,Miami Marlins,Tampa Bay Rays,2018-07-21
12,Cleveland Indians,Texas Rangers,2018-07-21
13,Baltimore Orioles,Toronto Blue Jays,2018-07-21
0,Houston Astros,Los Angeles Angels,2018-07-22
1,Colorado Rockies,Arizona D'Backs,2018-07-22
2,St. Louis Cardinals,Chicago Cubs,2018-07-22
3,Pittsburgh Pirates,Cincinnati Reds,2018-07-22
4,Boston Red Sox,Detroit Tigers,2018-07-22
5,Minnesota Twins,Kansas City Royals,2018-07-22
6,Los Angeles Dodgers,Milwaukee Brewers,2018-07-22
7,San Francisco Giants,Oakland Athletics,2018-07-22
8,San Diego Padres,Philadelphia Phillies,2018-07-22
9,San Diego Padres,Philadelphia Phillies,2018-07-22
10,Chicago White Sox,Seattle Mariners,2018-07-22
11,Miami Marlins,Tampa Bay Rays,2018-07-22
12,Cleveland Indians,Texas Rangers,2018-07-22
13,Baltimore Orioles,Toronto Blue Jays,2018-07-22
14,Atlanta Braves,Washington Nationals,2018-07-22
0,Chicago White Sox,Los Angeles Angels,2018-07-23
1,Boston Red Sox,Baltimore Orioles,2018-07-23
2,Arizona D'Backs,Chicago Cubs,2018-07-23
3,St. Louis Cardinals,Cincinnati Reds,2018-07-23
4,Pittsburgh Pirates,Cleveland Indians,2018-07-23
5,Detroit Tigers,Kansas City Royals,2018-07-23
6,Atlanta Braves,Miami Marlins,2018-07-23
7,Washington Nationals,Milwaukee Brewers,2018-07-23
8,San Diego Padres,New York Mets,2018-07-23
9,Los Angeles Dodgers,Philadelphia Phillies,2018-07-23
10,New York Yankees,Tampa Bay Rays,2018-07-23
11,Oakland Athletics,Texas Rangers,2018-07-23
12,Minnesota Twins,Toronto Blue Jays,2018-07-23
0,Chicago White Sox,Los Angeles Angels,2018-07-24
1,Boston Red Sox,Baltimore Orioles,2018-07-24
2,Arizona D'Backs,Chicago Cubs,2018-07-24
3,St. Louis Cardinals,Cincinnati Reds,2018-07-24
4,Pittsburgh Pirates,Cleveland Indians,2018-07-24
5,Houston Astros,Colorado Rockies,2018-07-24
6,Detroit Tigers,Kansas City Royals,2018-07-24
7,Atlanta Braves,Miami Marlins,2018-07-24
8,Washington Nationals,Milwaukee Brewers,2018-07-24
9,San Diego Padres,New York Mets,2018-07-24
10,Los Angeles Dodgers,Philadelphia Phillies,2018-07-24
11,San Francisco Giants,Seattle Mariners,2018-07-24
12,New York Yankees,Tampa Bay Rays,2018-07-24
13,Oakland Athletics,Texas Rangers,2018-07-24
14,Minnesota Twins,Toronto Blue Jays,2018-07-24
0,Chicago White Sox,Los Angeles Angels,2018-07-25
1,Arizona D'Backs,Chicago Cubs,2018-07-25
2,St. Louis Cardinals,Cincinnati Reds,2018-07-25
3,Pittsburgh Pirates,Cleveland Indians,2018-07-25
4,Houston Astros,Colorado Rockies,2018-07-25
5,Detroit Tigers,Kansas City Royals,2018-07-25
6,Washington Nationals,Milwaukee Brewers,2018-07-25
7,San Diego Padres,New York Mets,2018-07-25
8,Los Angeles Dodgers,Philadelphia Phillies,2018-07-25
9,San Francisco Giants,Seattle Mariners,2018-07-25
10,New York Yankees,Tampa Bay Rays,2018-07-25
11,Oakland Athletics,Texas Rangers,2018-07-25
12,Minnesota Twins,Toronto Blue Jays,2018-07-25
0,Chicago White Sox,Los Angeles Angels,2018-07-26
1,Los Angeles Dodgers,Atlanta Braves,2018-07-26
2,Tampa Bay Rays,Baltimore Orioles,2018-07-26
3,Minnesota Twins,Boston Red Sox,2018-07-26
4,Arizona D'Backs,Chicago Cubs,2018-07-26
5,Philadelphia Phillies,Cincinnati Reds,2018-07-26
6,Washington Nationals,Miami Marlins,2018-07-26
7,Kansas City Royals,New York Yankees,2018-07-26
8,New York Mets,Pittsburgh Pirates,2018-07-26
9,Milwaukee Brewers,San Francisco Giants,2018-07-26
10,Oakland Athletics,Texas Rangers,2018-07-26
0,Seattle Mariners,Los Angeles Angels,2018-07-27
1,Los Angeles Dodgers,Atlanta Braves,2018-07-27
2,Tampa Bay Rays,Baltimore Orioles,2018-07-27
3,Minnesota Twins,Boston Red Sox,2018-07-27
4,Toronto Blue Jays,Chicago White Sox,2018-07-27
5,Philadelphia Phillies,Cincinnati Reds,2018-07-27
6,Oakland Athletics,Colorado Rockies,2018-07-27
7,Cleveland Indians,Detroit Tigers,2018-07-27
8,Texas Rangers,Houston Astros,2018-07-27
9,Washington Nationals,Miami Marlins,2018-07-27
10,New York Mets,Pittsburgh Pirates,2018-07-27
11,Arizona D'Backs,San Diego Padres,2018-07-27
12,Milwaukee Brewers,San Francisco Giants,2018-07-27
13,Chicago Cubs,St. Louis Cardinals,2018-07-27
0,Seattle Mariners,Los Angeles Angels,2018-07-28
1,Los Angeles Dodgers,Atlanta Braves,2018-07-28
2,Tampa Bay Rays,Baltimore Orioles,2018-07-28
3,Minnesota Twins,Boston Red Sox,2018-07-28
4,Toronto Blue Jays,Chicago White Sox,2018-07-28
5,Philadelphia Phillies,Cincinnati Reds,2018-07-28
6,Oakland Athletics,Colorado Rockies,2018-07-28
7,Cleveland Indians,Detroit Tigers,2018-07-28
8,Texas Rangers,Houston Astros,2018-07-28
9,Washington Nationals,Miami Marlins,2018-07-28
10,Kansas City Royals,New York Yankees,2018-07-28
11,Kansas City Royals,New York Yankees,2018-07-28
12,New York Mets,Pittsburgh Pirates,2018-07-28
13,Arizona D'Backs,San Diego Padres,2018-07-28
14,Milwaukee Brewers,San Francisco Giants,2018-07-28
15,Chicago Cubs,St. Louis Cardinals,2018-07-28
0,Seattle Mariners,Los Angeles Angels,2018-07-29
1,Los Angeles Dodgers,Atlanta Braves,2018-07-29
2,Tampa Bay Rays,Baltimore Orioles,2018-07-29
3,Minnesota Twins,Boston Red Sox,2018-07-29
4,Toronto Blue Jays,Chicago White Sox,2018-07-29
5,Philadelphia Phillies,Cincinnati Reds,2018-07-29
6,Oakland Athletics,Colorado Rockies,2018-07-29
7,Cleveland Indians,Detroit Tigers,2018-07-29
8,Texas Rangers,Houston Astros,2018-07-29
9,Washington Nationals,Miami Marlins,2018-07-29
10,Kansas City Royals,New York Yankees,2018-07-29
11,New York Mets,Pittsburgh Pirates,2018-07-29
12,Arizona D'Backs,San Diego Padres,2018-07-29
13,Milwaukee Brewers,San Francisco Giants,2018-07-29
14,Chicago Cubs,St. Louis Cardinals,2018-07-29
0,Texas Rangers,Arizona D'Backs,2018-07-30
1,Miami Marlins,Atlanta Braves,2018-07-30
2,Philadelphia Phillies,Boston Red Sox,2018-07-30
3,Milwaukee Brewers,Los Angeles Dodgers,2018-07-30
4,Cleveland Indians,Minnesota Twins,2018-07-30
5,Toronto Blue Jays,Oakland Athletics,2018-07-30
6,San Francisco Giants,San Diego Padres,2018-07-30
7,Houston Astros,Seattle Mariners,2018-07-30
8,Colorado Rockies,St. Louis Cardinals,2018-07-30
0,Texas Rangers,Arizona D'Backs,2018-07-31
1,Miami Marlins,Atlanta Braves,2018-07-31
2,Philadelphia Phillies,Boston Red Sox,2018-07-31
3,Kansas City Royals,Chicago White Sox,2018-07-31
4,Cincinnati Reds,Detroit Tigers,2018-07-31
5,Milwaukee Brewers,Los Angeles Dodgers,2018-07-31
6,Cleveland Indians,Minnesota Twins,2018-07-31
7,Baltimore Orioles,New York Yankees,2018-07-31
8,Toronto Blue Jays,Oakland Athletics,2018-07-31
9,Chicago Cubs,Pittsburgh Pirates,2018-07-31
10,San Francisco Giants,San Diego Padres,2018-07-31
11,Houston Astros,Seattle Mariners,2018-07-31
12,Colorado Rockies,St. Louis Cardinals,2018-07-31
13,Los Angeles Angels,Tampa Bay Rays,2018-07-31
14,New York Mets,Washington Nationals,2018-07-31
0,Kansas City Royals,Chicago White Sox,2018-08-01
1,Cincinnati Reds,Detroit Tigers,2018-08-01
2,Milwaukee Brewers,Los Angeles Dodgers,2018-08-01
3,Cleveland Indians,Minnesota Twins,2018-08-01
4,Baltimore Orioles,New York Yankees,2018-08-01
5,Toronto Blue Jays,Oakland Athletics,2018-08-01
6,Chicago Cubs,Pittsburgh Pirates,2018-08-01
7,Houston Astros,Seattle Mariners,2018-08-01
8,Colorado Rockies,St. Louis Cardinals,2018-08-01
9,Los Angeles Angels,Tampa Bay Rays,2018-08-01
10,New York Mets,Washington Nationals,2018-08-01
0,San Francisco Giants,Arizona D'Backs,2018-08-02
1,New York Yankees,Boston Red Sox,2018-08-02
2,Kansas City Royals,Chicago White Sox,2018-08-02
3,San Diego Padres,Chicago Cubs,2018-08-02
4,Milwaukee Brewers,Los Angeles Dodgers,2018-08-02
5,Atlanta Braves,New York Mets,2018-08-02
6,Miami Marlins,Philadelphia Phillies,2018-08-02
7,Toronto Blue Jays,Seattle Mariners,2018-08-02
8,Colorado Rockies,St. Louis Cardinals,2018-08-02
9,Los Angeles Angels,Tampa Bay Rays,2018-08-02
10,Baltimore Orioles,Texas Rangers,2018-08-02
11,Cincinnati Reds,Washington Nationals,2018-08-02
0,San Francisco Giants,Arizona D'Backs,2018-08-03
1,New York Yankees,Boston Red Sox,2018-08-03
2,San Diego Padres,Chicago Cubs,2018-08-03
3,Los Angeles Angels,Cleveland Indians,2018-08-03
4,Houston Astros,Los Angeles Dodgers,2018-08-03
5,Colorado Rockies,Milwaukee Brewers,2018-08-03
6,Kansas City Royals,Minnesota Twins,2018-08-03
7,Atlanta Braves,New York Mets,2018-08-03
8,Detroit Tigers,Oakland Athletics,2018-08-03
9,Miami Marlins,Philadelphia Phillies,2018-08-03
10,St. Louis Cardinals,Pittsburgh Pirates,2018-08-03
11,Toronto Blue Jays,Seattle Mariners,2018-08-03
12,Chicago White Sox,Tampa Bay Rays,2018-08-03
13,Baltimore Orioles,Texas Rangers,2018-08-03
0,San Francisco Giants,Arizona D'Backs,2018-08-04
1,New York Yankees,Boston Red Sox,2018-08-04
2,San Diego Padres,Chicago Cubs,2018-08-04
3,Los Angeles Angels,Cleveland Indians,2018-08-04
4,Houston Astros,Los Angeles Dodgers,2018-08-04
5,Colorado Rockies,Milwaukee Brewers,2018-08-04
6,Kansas City Royals,Minnesota Twins,2018-08-04
7,Atlanta Braves,New York Mets,2018-08-04
8,Detroit Tigers,Oakland Athletics,2018-08-04
9,Miami Marlins,Philadelphia Phillies,2018-08-04
10,St. Louis Cardinals,Pittsburgh Pirates,2018-08-04
11,Toronto Blue Jays,Seattle Mariners,2018-08-04
12,Chicago White Sox,Tampa Bay Rays,2018-08-04
13,Baltimore Orioles,Texas Rangers,2018-08-04
14,Cincinnati Reds,Washington Nationals,2018-08-04
15,Cincinnati Reds,Washington Nationals,2018-08-04
0,San Francisco Giants,Arizona D'Backs,2018-08-05
1,New York Yankees,Boston Red Sox,2018-08-05
2,San Diego Padres,Chicago Cubs,2018-08-05
3,Los Angeles Angels,Cleveland Indians,2018-08-05
4,Houston Astros,Los Angeles Dodgers,2018-08-05
5,Colorado Rockies,Milwaukee Brewers,2018-08-05
6,Kansas City Royals,Minnesota Twins,2018-08-05
7,Atlanta Braves,New York Mets,2018-08-05
8,Detroit Tigers,Oakland Athletics,2018-08-05
9,Miami Marlins,Philadelphia Phillies,2018-08-05
10,St. Louis Cardinals,Pittsburgh Pirates,2018-08-05
11,Toronto Blue Jays,Seattle Mariners,2018-08-05
12,Chicago White Sox,Tampa Bay Rays,2018-08-05
13,Baltimore Orioles,Texas Rangers,2018-08-05
14,Cincinnati Reds,Washington Nationals,2018-08-05
0,Detroit Tigers,Los Angeles Angels,2018-08-06
1,Philadelphia Phillies,Arizona D'Backs,2018-08-06
2,New York Yankees,Chicago White Sox,2018-08-06
3,Minnesota Twins,Cleveland Indians,2018-08-06
4,Pittsburgh Pirates,Colorado Rockies,2018-08-06
5,Chicago Cubs,Kansas City Royals,2018-08-06
6,St. Louis Cardinals,Miami Marlins,2018-08-06
7,Cincinnati Reds,New York Mets,2018-08-06
8,Houston Astros,San Francisco Giants,2018-08-06
9,Seattle Mariners,Texas Rangers,2018-08-06
0,Detroit Tigers,Los Angeles Angels,2018-08-07
1,Philadelphia Phillies,Arizona D'Backs,2018-08-07
2,New York Yankees,Chicago White Sox,2018-08-07
3,Minnesota Twins,Cleveland Indians,2018-08-07
4,Pittsburgh Pirates,Colorado Rockies,2018-08-07
5,Chicago Cubs,Kansas City Royals,2018-08-07
6,St. Louis Cardinals,Miami Marlins,2018-08-07
7,San Diego Padres,Milwaukee Brewers,2018-08-07
8,Cincinnati Reds,New York Mets,2018-08-07
9,Los Angeles Dodgers,Oakland Athletics,2018-08-07
10,Houston Astros,San Francisco Giants,2018-08-07
11,Baltimore Orioles,Tampa Bay Rays,2018-08-07
12,Seattle Mariners,Texas Rangers,2018-08-07
13,Boston Red Sox,Toronto Blue Jays,2018-08-07
14,Atlanta Braves,Washington Nationals,2018-08-07
15,Atlanta Braves,Washington Nationals,2018-08-07
0,Detroit Tigers,Los Angeles Angels,2018-08-08
1,Philadelphia Phillies,Arizona D'Backs,2018-08-08
2,New York Yankees,Chicago White Sox,2018-08-08
3,Minnesota Twins,Cleveland Indians,2018-08-08
4,Pittsburgh Pirates,Colorado Rockies,2018-08-08
5,Chicago Cubs,Kansas City Royals,2018-08-08
6,St. Louis Cardinals,Miami Marlins,2018-08-08
7,San Diego Padres,Milwaukee Brewers,2018-08-08
8,Cincinnati Reds,New York Mets,2018-08-08
9,Los Angeles Dodgers,Oakland Athletics,2018-08-08
10,Baltimore Orioles,Tampa Bay Rays,2018-08-08
11,Seattle Mariners,Texas Rangers,2018-08-08
12,Boston Red Sox,Toronto Blue Jays,2018-08-08
13,Atlanta Braves,Washington Nationals,2018-08-08
0,Minnesota Twins,Cleveland Indians,2018-08-09
1,Los Angeles Dodgers,Colorado Rockies,2018-08-09
2,Seattle Mariners,Houston Astros,2018-08-09
3,San Diego Padres,Milwaukee Brewers,2018-08-09
4,Texas Rangers,New York Yankees,2018-08-09
5,Pittsburgh Pirates,San Francisco Giants,2018-08-09
6,Baltimore Orioles,Tampa Bay Rays,2018-08-09
7,Boston Red Sox,Toronto Blue Jays,2018-08-09
8,Atlanta Braves,Washington Nationals,2018-08-09
0,Oakland Athletics,Los Angeles Angels,2018-08-10
1,Milwaukee Brewers,Atlanta Braves,2018-08-10
2,Boston Red Sox,Baltimore Orioles,2018-08-10
3,Cleveland Indians,Chicago White Sox,2018-08-10
4,Washington Nationals,Chicago Cubs,2018-08-10
5,Arizona D'Backs,Cincinnati Reds,2018-08-10
6,Los Angeles Dodgers,Colorado Rockies,2018-08-10
7,Minnesota Twins,Detroit Tigers,2018-08-10
8,Seattle Mariners,Houston Astros,2018-08-10
9,St. Louis Cardinals,Kansas City Royals,2018-08-10
10,New York Mets,Miami Marlins,2018-08-10
11,Texas Rangers,New York Yankees,2018-08-10
12,Philadelphia Phillies,San Diego Padres,2018-08-10
13,Pittsburgh Pirates,San Francisco Giants,2018-08-10
14,Tampa Bay Rays,Toronto Blue Jays,2018-08-10
0,Oakland Athletics,Los Angeles Angels,2018-08-11
1,Milwaukee Brewers,Atlanta Braves,2018-08-11
2,Boston Red Sox,Baltimore Orioles,2018-08-11
3,Boston Red Sox,Baltimore Orioles,2018-08-11
4,Cleveland Indians,Chicago White Sox,2018-08-11
5,Washington Nationals,Chicago Cubs,2018-08-11
6,Arizona D'Backs,Cincinnati Reds,2018-08-11
7,Los Angeles Dodgers,Colorado Rockies,2018-08-11
8,Minnesota Twins,Detroit Tigers,2018-08-11
9,Seattle Mariners,Houston Astros,2018-08-11
10,St. Louis Cardinals,Kansas City Royals,2018-08-11
11,New York Mets,Miami Marlins,2018-08-11
12,Texas Rangers,New York Yankees,2018-08-11
13,Philadelphia Phillies,San Diego Padres,2018-08-11
14,Pittsburgh Pirates,San Francisco Giants,2018-08-11
15,Tampa Bay Rays,Toronto Blue Jays,2018-08-11
0,Oakland Athletics,Los Angeles Angels,2018-08-12
1,Milwaukee Brewers,Atlanta Braves,2018-08-12
2,Boston Red Sox,Baltimore Orioles,2018-08-12
3,Cleveland Indians,Chicago White Sox,2018-08-12
4,Washington Nationals,Chicago Cubs,2018-08-12
5,Arizona D'Backs,Cincinnati Reds,2018-08-12
6,Los Angeles Dodgers,Colorado Rockies,2018-08-12
7,Minnesota Twins,Detroit Tigers,2018-08-12
8,Seattle Mariners,Houston Astros,2018-08-12
9,St. Louis Cardinals,Kansas City Royals,2018-08-12
10,New York Mets,Miami Marlins,2018-08-12
11,Texas Rangers,New York Yankees,2018-08-12
12,Philadelphia Phillies,San Diego Padres,2018-08-12
13,Pittsburgh Pirates,San Francisco Giants,2018-08-12
14,Tampa Bay Rays,Toronto Blue Jays,2018-08-12
0,Miami Marlins,Atlanta Braves,2018-08-13
1,Miami Marlins,Atlanta Braves,2018-08-13
2,Cleveland Indians,Cincinnati Reds,2018-08-13
3,Chicago White Sox,Detroit Tigers,2018-08-13
4,Toronto Blue Jays,Kansas City Royals,2018-08-13
5,San Francisco Giants,Los Angeles Dodgers,2018-08-13
6,New York Mets,New York Yankees,2018-08-13
7,Seattle Mariners,Oakland Athletics,2018-08-13
8,Los Angeles Angels,San Diego Padres,2018-08-13
9,Washington Nationals,St. Louis Cardinals,2018-08-13
10,Arizona D'Backs,Texas Rangers,2018-08-13
0,Miami Marlins,Atlanta Braves,2018-08-14
1,New York Mets,Baltimore Orioles,2018-08-14
2,Milwaukee Brewers,Chicago Cubs,2018-08-14
3,Cleveland Indians,Cincinnati Reds,2018-08-14
4,Chicago White Sox,Detroit Tigers,2018-08-14
5,Colorado Rockies,Houston Astros,2018-08-14
6,Toronto Blue Jays,Kansas City Royals,2018-08-14
7,San Francisco Giants,Los Angeles Dodgers,2018-08-14
8,Pittsburgh Pirates,Minnesota Twins,2018-08-14
9,Tampa Bay Rays,New York Yankees,2018-08-14
10,Seattle Mariners,Oakland Athletics,2018-08-14
11,Boston Red Sox,Philadelphia Phillies,2018-08-14
12,Los Angeles Angels,San Diego Padres,2018-08-14
13,Washington Nationals,St. Louis Cardinals,2018-08-14
14,Arizona D'Backs,Texas Rangers,2018-08-14
0,Miami Marlins,Atlanta Braves,2018-08-15
1,New York Mets,Baltimore Orioles,2018-08-15
2,Milwaukee Brewers,Chicago Cubs,2018-08-15
3,Cleveland Indians,Cincinnati Reds,2018-08-15
4,Chicago White Sox,Detroit Tigers,2018-08-15
5,Colorado Rockies,Houston Astros,2018-08-15
6,Toronto Blue Jays,Kansas City Royals,2018-08-15
7,San Francisco Giants,Los Angeles Dodgers,2018-08-15
8,Pittsburgh Pirates,Minnesota Twins,2018-08-15
9,Tampa Bay Rays,New York Yankees,2018-08-15
10,Seattle Mariners,Oakland Athletics,2018-08-15
11,Boston Red Sox,Philadelphia Phillies,2018-08-15
12,Los Angeles Angels,San Diego Padres,2018-08-15
13,Washington Nationals,St. Louis Cardinals,2018-08-15
0,Colorado Rockies,Atlanta Braves,2018-08-16
1,Toronto Blue Jays,Kansas City Royals,2018-08-16
2,Detroit Tigers,Minnesota Twins,2018-08-16
3,Tampa Bay Rays,New York Yankees,2018-08-16
4,New York Mets,Philadelphia Phillies,2018-08-16
5,New York Mets,Philadelphia Phillies,2018-08-16
6,Chicago Cubs,Pittsburgh Pirates,2018-08-16
7,Arizona D'Backs,San Diego Padres,2018-08-16
8,Washington Nationals,St. Louis Cardinals,2018-08-16
9,Los Angeles Angels,Texas Rangers,2018-08-16
0,Colorado Rockies,Atlanta Braves,2018-08-17
1,Tampa Bay Rays,Boston Red Sox,2018-08-17
2,Kansas City Royals,Chicago White Sox,2018-08-17
3,San Francisco Giants,Cincinnati Reds,2018-08-17
4,Baltimore Orioles,Cleveland Indians,2018-08-17
5,Detroit Tigers,Minnesota Twins,2018-08-17
6,Toronto Blue Jays,New York Yankees,2018-08-17
7,Houston Astros,Oakland Athletics,2018-08-17
8,New York Mets,Philadelphia Phillies,2018-08-17
9,Chicago Cubs,Pittsburgh Pirates,2018-08-17
10,Arizona D'Backs,San Diego Padres,2018-08-17
11,Los Angeles Dodgers,Seattle Mariners,2018-08-17
12,Milwaukee Brewers,St. Louis Cardinals,2018-08-17
13,Los Angeles Angels,Texas Rangers,2018-08-17
14,Miami Marlins,Washington Nationals,2018-08-17
0,Colorado Rockies,Atlanta Braves,2018-08-18
1,Tampa Bay Rays,Boston Red Sox,2018-08-18
2,Kansas City Royals,Chicago White Sox,2018-08-18
3,San Francisco Giants,Cincinnati Reds,2018-08-18
4,Baltimore Orioles,Cleveland Indians,2018-08-18
5,Detroit Tigers,Minnesota Twins,2018-08-18
6,Toronto Blue Jays,New York Yankees,2018-08-18
7,Houston Astros,Oakland Athletics,2018-08-18
8,New York Mets,Philadelphia Phillies,2018-08-18
9,Chicago Cubs,Pittsburgh Pirates,2018-08-18
10,Arizona D'Backs,San Diego Padres,2018-08-18
11,Los Angeles Dodgers,Seattle Mariners,2018-08-18
12,Milwaukee Brewers,St. Louis Cardinals,2018-08-18
13,Los Angeles Angels,Texas Rangers,2018-08-18
14,Miami Marlins,Washington Nationals,2018-08-18
0,Colorado Rockies,Atlanta Braves,2018-08-19
1,Tampa Bay Rays,Boston Red Sox,2018-08-19
2,Kansas City Royals,Chicago White Sox,2018-08-19
3,San Francisco Giants,Cincinnati Reds,2018-08-19
4,Baltimore Orioles,Cleveland Indians,2018-08-19
5,Detroit Tigers,Minnesota Twins,2018-08-19
6,Toronto Blue Jays,New York Yankees,2018-08-19
7,Houston Astros,Oakland Athletics,2018-08-19
8,New York Mets,Philadelphia Phillies,2018-08-19
9,Chicago Cubs,Pittsburgh Pirates,2018-08-19
10,Arizona D'Backs,San Diego Padres,2018-08-19
11,Los Angeles Dodgers,Seattle Mariners,2018-08-19
12,Milwaukee Brewers,St. Louis Cardinals,2018-08-19
13,Los Angeles Angels,Texas Rangers,2018-08-19
14,Miami Marlins,Washington Nationals,2018-08-19
0,Cleveland Indians,Boston Red Sox,2018-08-20
1,St. Louis Cardinals,Los Angeles Dodgers,2018-08-20
2,Cincinnati Reds,Milwaukee Brewers,2018-08-20
3,Chicago White Sox,Minnesota Twins,2018-08-20
4,San Francisco Giants,New York Mets,2018-08-20
5,Texas Rangers,Oakland Athletics,2018-08-20
6,Atlanta Braves,Pittsburgh Pirates,2018-08-20
7,Houston Astros,Seattle Mariners,2018-08-20
8,Kansas City Royals,Tampa Bay Rays,2018-08-20
9,Baltimore Orioles,Toronto Blue Jays,2018-08-20
0,Los Angeles Angels,Arizona D'Backs,2018-08-21
1,Cleveland Indians,Boston Red Sox,2018-08-21
2,Minnesota Twins,Chicago White Sox,2018-08-21
3,San Diego Padres,Colorado Rockies,2018-08-21
4,Chicago Cubs,Detroit Tigers,2018-08-21
5,St. Louis Cardinals,Los Angeles Dodgers,2018-08-21
6,New York Yankees,Miami Marlins,2018-08-21
7,Cincinnati Reds,Milwaukee Brewers,2018-08-21
8,San Francisco Giants,New York Mets,2018-08-21
9,Texas Rangers,Oakland Athletics,2018-08-21
10,Atlanta Braves,Pittsburgh Pirates,2018-08-21
11,Houston Astros,Seattle Mariners,2018-08-21
12,Kansas City Royals,Tampa Bay Rays,2018-08-21
13,Baltimore Orioles,Toronto Blue Jays,2018-08-21
14,Philadelphia Phillies,Washington Nationals,2018-08-21
0,Los Angeles Angels,Arizona D'Backs,2018-08-22
1,Cleveland Indians,Boston Red Sox,2018-08-22
2,Minnesota Twins,Chicago White Sox,2018-08-22
3,San Diego Padres,Colorado Rockies,2018-08-22
4,Chicago Cubs,Detroit Tigers,2018-08-22
5,St. Louis Cardinals,Los Angeles Dodgers,2018-08-22
6,New York Yankees,Miami Marlins,2018-08-22
7,Cincinnati Reds,Milwaukee Brewers,2018-08-22
8,San Francisco Giants,New York Mets,2018-08-22
9,Texas Rangers,Oakland Athletics,2018-08-22
10,Atlanta Braves,Pittsburgh Pirates,2018-08-22
11,Houston Astros,Seattle Mariners,2018-08-22
12,Kansas City Royals,Tampa Bay Rays,2018-08-22
13,Baltimore Orioles,Toronto Blue Jays,2018-08-22
14,Philadelphia Phillies,Washington Nationals,2018-08-22
0,Cleveland Indians,Boston Red Sox,2018-08-23
1,Cincinnati Reds,Chicago Cubs,2018-08-23
2,San Diego Padres,Colorado Rockies,2018-08-23
3,Chicago White Sox,Detroit Tigers,2018-08-23
4,Atlanta Braves,Miami Marlins,2018-08-23
5,Oakland Athletics,Minnesota Twins,2018-08-23
6,San Francisco Giants,New York Mets,2018-08-23
7,Kansas City Royals,Tampa Bay Rays,2018-08-23
8,Philadelphia Phillies,Washington Nationals,2018-08-23
0,Houston Astros,Los Angeles Angels,2018-08-24
1,Seattle Mariners,Arizona D'Backs,2018-08-24
2,New York Yankees,Baltimore Orioles,2018-08-24
3,Cincinnati Reds,Chicago Cubs,2018-08-24
4,St. Louis Cardinals,Colorado Rockies,2018-08-24
5,Chicago White Sox,Detroit Tigers,2018-08-24
6,Cleveland Indians,Kansas City Royals,2018-08-24
7,San Diego Padres,Los Angeles Dodgers,2018-08-24
8,Atlanta Braves,Miami Marlins,2018-08-24
9,Pittsburgh Pirates,Milwaukee Brewers,2018-08-24
10,Oakland Athletics,Minnesota Twins,2018-08-24
11,Washington Nationals,New York Mets,2018-08-24
12,Texas Rangers,San Francisco Giants,2018-08-24
13,Boston Red Sox,Tampa Bay Rays,2018-08-24
14,Philadelphia Phillies,Toronto Blue Jays,2018-08-24
